Date,VNQ
2004-09-29,19.495885848999023
2004-09-30,19.652324676513672
2004-10-01,20.016040802001953
2004-10-04,20.102075576782227
2004-10-05,20.09816551208496
2004-10-06,20.192031860351562
2004-10-07,19.98474884033203
2004-10-08,20.082521438598633
2004-10-11,20.004308700561523
2004-10-12,20.070789337158203
2004-10-13,20.121641159057617
2004-10-14,20.278072357177734
2004-10-15,20.485353469848633
2004-10-18,20.594858169555664
2004-10-19,20.485353469848633
2004-10-20,20.387575149536133
2004-10-21,20.594858169555664
2004-10-22,20.430593490600586
2004-10-25,20.33281898498535
2004-10-26,20.524463653564453
2004-10-27,20.766931533813477
2004-10-28,20.778671264648438
2004-10-29,20.766931533813477
2004-11-01,20.97029685974121
2004-11-02,20.766931533813477
2004-11-03,20.978124618530273
2004-11-04,21.294906616210938
2004-11-05,20.72000503540039
2004-11-08,20.774755477905273
2004-11-09,20.852970123291016
2004-11-10,21.0015869140625
2004-11-11,21.173662185668945
2004-11-12,21.588232040405273
2004-11-15,21.861984252929688
2004-11-16,21.72901153564453
2004-11-17,21.22450828552246
2004-11-18,21.189313888549805
2004-11-19,20.97029685974121
2004-11-22,21.11501121520996
2004-11-23,21.2049560546875
2004-11-24,21.57258415222168
2004-11-26,21.54911994934082
2004-11-29,21.470888137817383
2004-11-30,21.588232040405273
2004-12-01,22.006689071655273
2004-12-02,21.8189640045166
2004-12-03,22.112285614013672
2004-12-06,22.217884063720703
2004-12-07,21.936302185058594
2004-12-08,21.994958877563477
2004-12-09,22.155305862426758
2004-12-10,22.343034744262695
2004-12-13,22.280460357666016
2004-12-14,22.260906219482422
2004-12-15,22.303913116455078
2004-12-16,22.100549697875977
2004-12-17,22.350854873657227
2004-12-20,22.272628784179688
2004-12-21,22.52683448791504
2004-12-22,22.694791793823242
2004-12-23,22.522846221923828
2004-12-27,22.35487937927246
2004-12-28,22.438865661621094
2004-12-29,22.56683349609375
2004-12-30,22.6747989654541
2004-12-31,22.61481285095215
2005-01-03,22.350879669189453
2005-01-04,22.014957427978516
2005-01-05,21.28312110900879
2005-01-06,21.447092056274414
2005-01-07,21.399105072021484
2005-01-10,21.33112335205078
2005-01-11,21.115177154541016
2005-01-12,21.015180587768555
2005-01-13,21.015180587768555
2005-01-14,21.275131225585938
2005-01-18,21.48308563232422
2005-01-19,21.503082275390625
2005-01-20,21.43509292602539
2005-01-21,21.45508575439453
2005-01-24,21.28312110900879
2005-01-25,20.883216857910156
2005-01-26,20.819231033325195
2005-01-27,20.671274185180664
2005-01-28,20.703264236450195
2005-01-31,20.679264068603516
2005-02-01,20.83123207092285
2005-02-02,21.06317901611328
2005-02-03,21.12715721130371
2005-02-04,21.415098190307617
2005-02-07,21.343120574951172
2005-02-08,21.39509391784668
2005-02-09,21.53107261657715
2005-02-10,21.695022583007812
2005-02-11,21.759023666381836
2005-02-14,21.76301383972168
2005-02-15,21.858997344970703
2005-02-16,21.986961364746094
2005-02-17,21.97096824645996
2005-02-18,21.779010772705078
2005-02-22,21.155162811279297
2005-02-23,21.07517433166504
2005-02-24,21.09117317199707
2005-02-25,21.39509391784668
2005-02-28,21.335111618041992
2005-03-01,21.559072494506836
2005-03-02,21.415098190307617
2005-03-03,21.53107261657715
2005-03-04,21.93497657775879
2005-03-07,22.038951873779297
2005-03-08,21.91497802734375
2005-03-09,21.295120239257812
2005-03-10,21.439088821411133
2005-03-11,21.199153900146484
2005-03-14,21.495079040527344
2005-03-15,21.467090606689453
2005-03-16,21.211145401000977
2005-03-17,21.43509292602539
2005-03-18,21.35911750793457
2005-03-21,21.215147018432617
2005-03-22,20.835233688354492
2005-03-23,20.79924201965332
2005-03-24,20.841325759887695
2005-03-28,20.736108779907227
2005-03-29,20.74420738220215
2005-03-30,21.019384384155273
2005-03-31,20.970827102661133
2005-04-01,20.982969284057617
2005-04-04,20.889888763427734
2005-04-05,20.841325759887695
2005-04-06,20.950593948364258
2005-04-07,21.140789031982422
2005-04-08,21.043668746948242
2005-04-11,21.06390953063965
2005-04-12,21.347179412841797
2005-04-13,21.371471405029297
2005-04-14,21.16911506652832
2005-04-15,21.326946258544922
2005-04-18,21.29456901550293
2005-04-19,21.399795532226562
2005-04-20,21.347179412841797
2005-04-21,21.343137741088867
2005-04-22,21.509057998657227
2005-04-25,21.7437744140625
2005-04-26,21.772106170654297
2005-04-27,21.94207000732422
2005-04-28,21.889467239379883
2005-04-29,22.180837631225586
2005-05-02,22.164642333984375
2005-05-03,22.1970157623291
2005-05-04,22.217254638671875
2005-05-05,22.50054168701172
2005-05-06,22.217254638671875
2005-05-09,22.601707458496094
2005-05-10,22.601707458496094
2005-05-11,22.613845825195312
2005-05-12,22.387226104736328
2005-05-13,22.37912940979004
2005-05-16,22.484350204467773
2005-05-17,22.682653427124023
2005-05-18,22.90522003173828
2005-05-19,23.208736419677734
2005-05-20,23.257299423217773
2005-05-23,23.309898376464844
2005-05-24,22.986169815063477
2005-05-25,22.702877044677734
2005-05-26,22.605756759643555
2005-05-27,22.723114013671875
2005-05-31,22.961877822875977
2005-06-01,23.22492790222168
2005-06-02,23.14398193359375
2005-06-03,23.14804458618164
2005-06-06,23.322040557861328
2005-06-07,23.52034568786621
2005-06-08,23.617469787597656
2005-06-09,23.641752243041992
2005-06-10,23.59318733215332
2005-06-13,23.702449798583984
2005-06-14,23.896705627441406
2005-06-15,23.949308395385742
2005-06-16,23.973587036132812
2005-06-17,24.244726181030273
2005-06-20,24.22449493408203
2005-06-21,24.01811408996582
2005-06-22,23.9816837310791
2005-06-23,23.896705627441406
2005-06-24,23.84813690185547
2005-06-27,23.817041397094727
2005-06-28,23.935699462890625
2005-06-29,24.013446807861328
2005-06-30,24.017545700073242
2005-07-01,24.22212028503418
2005-07-05,24.528980255126953
2005-07-06,24.46761131286621
2005-07-07,24.49215316772461
2005-07-08,24.909496307373047
2005-07-11,25.212261199951172
2005-07-12,25.208175659179688
2005-07-13,25.06087875366211
2005-07-14,24.643543243408203
2005-07-15,24.745832443237305
2005-07-18,24.811304092407227
2005-07-19,24.9995174407959
2005-07-20,25.220457077026367
2005-07-21,24.86448860168457
2005-07-22,25.06087875366211
2005-07-25,25.06087875366211
2005-07-26,25.339122772216797
2005-07-27,25.408674240112305
2005-07-28,25.764636993408203
2005-07-29,25.73189926147461
2005-08-01,25.71553611755371
2005-08-02,25.8996524810791
2005-08-03,25.838279724121094
2005-08-04,25.400484085083008
2005-08-05,24.520795822143555
2005-08-08,23.63701820373535
2005-08-09,23.747488021850586
2005-08-10,23.976613998413086
2005-08-11,24.295759201049805
2005-08-12,24.27530288696289
2005-08-15,24.504430770874023
2005-08-16,24.64763641357422
2005-08-17,24.45124053955078
2005-08-18,24.287574768066406
2005-08-19,24.201662063598633
2005-08-22,24.27530288696289
2005-08-23,24.377586364746094
2005-08-24,24.463520050048828
2005-08-25,24.49215316772461
2005-08-26,24.189390182495117
2005-08-29,24.193479537963867
2005-08-30,24.267118453979492
2005-08-31,24.68854331970215
2005-09-01,24.909496307373047
2005-09-02,24.84402847290039
2005-09-06,25.37592887878418
2005-09-07,25.322750091552734
2005-09-08,25.15908432006836
2005-09-09,25.285932540893555
2005-09-12,25.208175659179688
2005-09-13,25.015869140625
2005-09-14,24.99540901184082
2005-09-15,25.0076961517334
2005-09-16,25.06087875366211
2005-09-19,24.86448860168457
2005-09-20,24.672183990478516
2005-09-21,24.128000259399414
2005-09-22,24.25893211364746
2005-09-23,24.27938461303711
2005-09-26,24.47226905822754
2005-09-27,24.410171508789062
2005-09-28,24.174270629882812
2005-09-29,24.625389099121094
2005-09-30,25.018573760986328
2005-10-03,24.944067001342773
2005-10-04,24.52191734313965
2005-10-05,24.141170501708984
2005-10-06,24.10805320739746
2005-10-07,23.859722137451172
2005-10-10,23.553457260131836
2005-10-11,23.449995040893555
2005-10-12,23.02785873413086
2005-10-13,23.031984329223633
2005-10-14,23.565879821777344
2005-10-17,23.70245933532715
2005-10-18,23.474824905395508
2005-10-19,23.739700317382812
2005-10-20,23.363082885742188
2005-10-21,23.586572647094727
2005-10-24,24.06667709350586
2005-10-25,23.967334747314453
2005-10-26,23.723140716552734
2005-10-27,23.466541290283203
2005-10-28,24.174270629882812
2005-10-31,24.298429489135742
2005-11-01,23.760400772094727
2005-11-02,23.97974395751953
2005-11-03,23.909399032592773
2005-11-04,23.77281379699707
2005-11-07,23.884552001953125
2005-11-08,23.818344116210938
2005-11-09,24.087364196777344
2005-11-10,24.658496856689453
2005-11-11,24.757823944091797
2005-11-14,24.737131118774414
2005-11-15,24.72471046447754
2005-11-16,24.58401107788086
2005-11-17,24.989606857299805
2005-11-18,25.080636978149414
2005-11-21,25.20481300354004
2005-11-22,25.527624130249023
2005-11-23,25.639379501342773
2005-11-25,25.72628402709961
2005-11-28,25.444860458374023
2005-11-29,25.461408615112305
2005-11-30,25.308286666870117
2005-12-01,25.676626205444336
2005-12-02,25.548328399658203
2005-12-05,25.4531307220459
2005-12-06,25.370361328125
2005-12-07,25.237916946411133
2005-12-08,25.428312301635742
2005-12-09,25.494522094726562
2005-12-12,25.51107406616211
2005-12-13,25.635244369506836
2005-12-14,25.68490219116211
2005-12-15,25.490375518798828
2005-12-16,25.581438064575195
2005-12-19,25.246198654174805
2005-12-20,25.279312133789062
2005-12-21,25.43244743347168
2005-12-22,25.577302932739258
2005-12-23,25.664201736450195
2005-12-27,25.548181533813477
2005-12-28,25.51844024658203
2005-12-29,25.386667251586914
2005-12-30,25.314422607421875
2006-01-03,25.824443817138672
2006-01-04,26.015701293945312
2006-01-05,26.215456008911133
2006-01-06,26.461971282958984
2006-01-09,26.687240600585938
2006-01-10,26.848752975463867
2006-01-11,26.891252517700195
2006-01-12,26.814746856689453
2006-01-13,26.48322868347168
2006-01-17,26.376972198486328
2006-01-18,26.372730255126953
2006-01-19,26.704252243041992
2006-01-20,26.44497299194336
2006-01-23,26.563976287841797
2006-01-24,26.76374626159668
2006-01-25,26.78075408935547
2006-01-26,26.869993209838867
2006-01-27,27.171777725219727
2006-01-30,27.1505126953125
2006-01-31,27.2227840423584
2006-02-01,27.35028648376465
2006-02-02,27.159019470214844
2006-02-03,26.921010971069336
2006-02-06,27.023008346557617
2006-02-07,26.810518264770508
2006-02-08,26.69149398803711
2006-02-09,26.81900405883789
2006-02-10,26.84449577331543
2006-02-13,26.882741928100586
2006-02-14,27.031511306762695
2006-02-15,27.269542694091797
2006-02-16,27.452281951904297
2006-02-17,27.74555015563965
2006-02-21,27.7115478515625
2006-02-22,28.02181625366211
2006-02-23,27.975065231323242
2006-02-24,27.826305389404297
2006-02-27,27.830568313598633
2006-02-28,27.728546142578125
2006-03-01,27.89006233215332
2006-03-02,27.856067657470703
2006-03-03,27.703048706054688
2006-03-06,28.204578399658203
2006-03-07,27.86456298828125
2006-03-08,28.009056091308594
2006-03-09,28.23857307434082
2006-03-10,28.49360466003418
2006-03-13,28.306581497192383
2006-03-14,28.51059913635254
2006-03-15,29.050373077392578
2006-03-16,29.352136611938477
2006-03-17,29.615644454956055
2006-03-20,29.117183685302734
2006-03-21,28.779457092285156
2006-03-22,28.84358787536621
2006-03-23,28.920547485351562
2006-03-24,28.87779426574707
2006-03-27,28.544343948364258
2006-03-28,28.860694885253906
2006-03-29,29.39935302734375
2006-03-30,28.976116180419922
2006-03-31,29.035968780517578
2006-04-03,28.535785675048828
2006-04-04,28.339139938354492
2006-04-05,28.493030548095703
2006-04-06,28.377605438232422
2006-04-07,27.950103759765625
2006-04-10,27.68505859375
2006-04-11,27.616657257080078
2006-04-12,27.616657257080078
2006-04-13,27.25328254699707
2006-04-17,27.176321029663086
2006-04-18,27.83896255493164
2006-04-19,28.18094825744629
2006-04-20,28.21088218688965
2006-04-21,28.21515464782715
2006-04-24,28.069805145263672
2006-04-25,27.856063842773438
2006-04-26,27.770565032958984
2006-04-27,27.945838928222656
2006-04-28,28.048433303833008
2006-05-01,27.710697174072266
2006-05-02,27.42854881286621
2006-05-03,27.47985076904297
2006-05-04,27.868879318237305
2006-05-05,28.227975845336914
2006-05-08,28.351964950561523
2006-05-09,28.339139938354492
2006-05-10,28.236526489257812
2006-05-11,27.71497917175293
2006-05-12,27.364439010620117
2006-05-15,27.740629196166992
2006-05-16,27.633756637573242
2006-05-17,27.116472244262695
2006-05-18,26.906993865966797
2006-05-19,26.97113037109375
2006-05-22,26.898460388183594
2006-05-23,26.603485107421875
2006-05-24,26.64621925354004
2006-05-25,27.146398544311523
2006-05-26,27.4713077545166
2006-05-30,27.244720458984375
2006-05-31,27.291751861572266
2006-06-01,27.79193878173828
2006-06-02,28.1125545501709
2006-06-05,28.249357223510742
2006-06-06,27.911636352539062
2006-06-07,28.108278274536133
2006-06-08,28.048433303833008
2006-06-09,28.23225975036621
2006-06-12,27.8945369720459
2006-06-13,27.60811424255371
2006-06-14,27.37298583984375
2006-06-15,27.945838928222656
2006-06-16,27.8902645111084
2006-06-19,27.697874069213867
2006-06-20,27.552520751953125
2006-06-21,27.873159408569336
2006-06-22,27.676504135131836
2006-06-23,27.467039108276367
2006-06-26,27.759977340698242
2006-06-27,27.729711532592773
2006-06-28,27.811811447143555
2006-06-29,28.429662704467773
2006-06-30,28.645694732666016
2006-07-03,29.177125930786133
2006-07-05,29.129594802856445
2006-07-06,29.1987361907959
2006-07-07,29.077756881713867
2006-07-10,29.3067569732666
2006-07-11,29.354278564453125
2006-07-12,29.432044982910156
2006-07-13,29.034555435180664
2006-07-14,28.637054443359375
2006-07-17,28.637054443359375
2006-07-18,29.06911277770996
2006-07-19,29.518455505371094
2006-07-20,29.276514053344727
2006-07-21,28.796911239624023
2006-07-24,29.27219009399414
2006-07-25,29.42340660095215
2006-07-26,29.5271053314209
2006-07-27,29.432044982910156
2006-07-28,29.85979652404785
2006-07-31,29.760412216186523
2006-08-01,29.604873657226562
2006-08-02,29.54869842529297
2006-08-03,29.82953453063965
2006-08-04,30.30048179626465
2006-08-07,30.002370834350586
2006-08-08,29.55733871459961
2006-08-09,29.37586784362793
2006-08-10,29.397485733032227
2006-08-11,29.216026306152344
2006-08-14,29.496862411499023
2006-08-15,29.833864212036133
2006-08-16,29.890039443969727
2006-08-17,29.846820831298828
2006-08-18,29.980756759643555
2006-08-21,30.153600692749023
2006-08-22,30.365312576293945
2006-08-23,30.131986618041992
2006-08-24,30.248640060424805
2006-08-25,30.227033615112305
2006-08-28,30.585649490356445
2006-08-29,30.589954376220703
2006-08-30,30.771442413330078
2006-08-31,30.79736328125
2006-09-01,30.62021827697754
2006-09-05,30.931318283081055
2006-09-06,30.784400939941406
2006-09-07,30.53380584716797
2006-09-08,30.823291778564453
2006-09-11,30.922651290893555
2006-09-12,31.32015037536621
2006-09-13,31.497299194335938
2006-09-14,31.32878875732422
2006-09-15,31.579383850097656
2006-09-18,31.35472297668457
2006-09-19,31.588048934936523
2006-09-20,31.518909454345703
2006-09-21,31.1689395904541
2006-09-22,31.25103187561035
2006-09-25,31.298131942749023
2006-09-26,31.223997116088867
2006-09-27,31.49875831604004
2006-09-28,31.433338165283203
2006-09-29,31.40280532836914
2006-10-02,31.341739654541016
2006-10-03,31.64703369140625
2006-10-04,32.01341247558594
2006-10-05,32.222774505615234
2006-10-06,32.022132873535156
2006-10-09,32.2053337097168
2006-10-10,32.20967102050781
2006-10-11,32.08757019042969
2006-10-12,32.37978744506836
2006-10-13,32.750511169433594
2006-10-16,32.82030487060547
2006-10-17,32.71126174926758
2006-10-18,32.876991271972656
2006-10-19,32.79848861694336
2006-10-20,32.75486373901367
2006-10-23,32.95115661621094
2006-10-24,32.781044006347656
2006-10-25,32.9467887878418
2006-10-26,33.273895263671875
2006-10-27,33.05146026611328
2006-10-30,33.23899459838867
2006-10-31,33.29570388793945
2006-11-01,33.03837203979492
2006-11-02,32.410316467285156
2006-11-03,32.05266189575195
2006-11-06,32.34925842285156
2006-11-07,31.995969772338867
2006-11-08,32.10500717163086
2006-11-09,32.15298843383789
2006-11-10,32.2838249206543
2006-11-13,32.362342834472656
2006-11-14,32.77232360839844
2006-11-15,32.811561584472656
2006-11-16,33.03399658203125
2006-11-17,32.90751647949219
2006-11-20,34.04587936401367
2006-11-21,34.59543991088867
2006-11-22,34.74807357788086
2006-11-24,34.89636993408203
2006-11-27,33.954288482666016
2006-11-28,34.04587936401367
2006-11-29,34.525634765625
2006-11-30,34.88764190673828
2006-12-01,34.82222366333008
2006-12-04,35.22785186767578
2006-12-05,34.957427978515625
2006-12-06,34.76116943359375
2006-12-07,34.547447204589844
2006-12-08,34.66084671020508
2006-12-11,34.739356994628906
2006-12-12,34.58234786987305
2006-12-13,34.40352249145508
2006-12-14,34.42967987060547
2006-12-15,34.17236328125
2006-12-18,33.95864486694336
2006-12-19,33.67079544067383
2006-12-20,34.024085998535156
2006-12-21,33.744930267333984
2006-12-22,33.4487419128418
2006-12-26,33.688907623291016
2006-12-27,33.99131393432617
2006-12-28,34.08470916748047
2006-12-29,34.24481964111328
2007-01-03,34.29819107055664
2007-01-04,34.342647552490234
2007-01-05,33.706668853759766
2007-01-08,33.755615234375
2007-01-09,34.182559967041016
2007-01-10,34.62284851074219
2007-01-11,35.0720329284668
2007-01-12,35.1832160949707
2007-01-16,35.68132019042969
2007-01-17,35.66797637939453
2007-01-18,35.623504638671875
2007-01-19,35.97930145263672
2007-01-22,35.67685317993164
2007-01-23,35.84589385986328
2007-01-24,36.31285095214844
2007-01-25,36.53520965576172
2007-01-26,36.655296325683594
2007-01-29,36.775394439697266
2007-01-30,36.95770263671875
2007-01-31,37.25125503540039
2007-02-01,37.39799880981445
2007-02-02,37.46473693847656
2007-02-05,37.46473693847656
2007-02-06,38.016204833984375
2007-02-07,38.812278747558594
2007-02-08,38.51430130004883
2007-02-09,38.06955337524414
2007-02-12,37.380218505859375
2007-02-13,38.10514831542969
2007-02-14,37.833866119384766
2007-02-15,38.114051818847656
2007-02-16,38.016204833984375
2007-02-20,38.30972671508789
2007-02-21,38.185184478759766
2007-02-22,37.980613708496094
2007-02-23,37.317962646484375
2007-02-26,37.13115692138672
2007-02-27,35.97930145263672
2007-02-28,36.24614715576172
2007-03-01,35.88147735595703
2007-03-02,35.31219482421875
2007-03-05,33.93794631958008
2007-03-06,35.1832160949707
2007-03-07,34.68955612182617
2007-03-08,35.24547576904297
2007-03-09,35.71245193481445
2007-03-12,35.89034652709961
2007-03-13,35.04535675048828
2007-03-14,35.21433639526367
2007-03-15,35.53010559082031
2007-03-16,35.134300231933594
2007-03-19,35.48564147949219
2007-03-20,35.62794876098633
2007-03-21,36.059349060058594
2007-03-22,36.09493637084961
2007-03-23,36.1171760559082
2007-03-26,35.53879165649414
2007-03-27,35.16752624511719
2007-03-28,34.934932708740234
2007-03-29,34.99309158325195
2007-03-30,35.49405288696289
2007-04-02,35.71771240234375
2007-04-03,36.03083419799805
2007-04-04,35.851905822753906
2007-04-05,35.816131591796875
2007-04-09,35.88321304321289
2007-04-10,36.03083419799805
2007-04-11,35.49405288696289
2007-04-12,35.25251770019531
2007-04-13,35.6506233215332
2007-04-16,35.69534683227539
2007-04-17,36.16054153442383
2007-04-18,35.936893463134766
2007-04-19,35.69534683227539
2007-04-20,35.963741302490234
2007-04-23,36.36631774902344
2007-04-24,36.12029266357422
2007-04-25,36.097938537597656
2007-04-26,36.12029266357422
2007-04-27,36.03083419799805
2007-04-30,35.4493408203125
2007-05-01,35.140682220458984
2007-05-02,35.418025970458984
2007-05-03,35.5119514465332
2007-05-04,35.203304290771484
2007-05-07,35.30171585083008
2007-05-08,35.069122314453125
2007-05-09,35.4493408203125
2007-05-10,34.975189208984375
2007-05-11,35.4493408203125
2007-05-14,35.248050689697266
2007-05-15,34.71125793457031
2007-05-16,34.2818489074707
2007-05-17,33.68692398071289
2007-05-18,33.346981048583984
2007-05-21,33.48115921020508
2007-05-22,33.9776725769043
2007-05-23,33.71824264526367
2007-05-24,33.154632568359375
2007-05-25,33.342506408691406
2007-05-29,34.5323600769043
2007-05-30,35.45825958251953
2007-05-31,35.31513595581055
2007-06-01,35.36433792114258
2007-06-04,35.50748062133789
2007-06-05,34.943851470947266
2007-06-06,34.70679473876953
2007-06-07,33.61536407470703
2007-06-08,34.017940521240234
2007-06-11,33.508018493652344
2007-06-12,32.92649841308594
2007-06-13,33.655616760253906
2007-06-14,33.293296813964844
2007-06-15,33.66008377075195
2007-06-18,33.141204833984375
2007-06-19,33.203826904296875
2007-06-20,32.20633316040039
2007-06-21,32.385257720947266
2007-06-22,32.264488220214844
2007-06-25,31.7354679107666
2007-06-26,31.61321449279785
2007-06-27,32.42390823364258
2007-06-28,32.256324768066406
2007-06-29,32.13404083251953
2007-07-02,32.8768196105957
2007-07-03,32.7862548828125
2007-07-05,33.279911041259766
2007-07-06,33.23915100097656
2007-07-09,33.21650314331055
2007-07-10,32.37407684326172
2007-07-11,32.31068420410156
2007-07-12,32.72734451293945
2007-07-13,33.03984832763672
2007-07-16,32.76358413696289
2007-07-17,32.64582443237305
2007-07-18,32.5733642578125
2007-07-19,32.69565200805664
2007-07-20,32.12497329711914
2007-07-23,31.567893981933594
2007-07-24,30.929298400878906
2007-07-25,30.594148635864258
2007-07-26,30.03252410888672
2007-07-27,29.03611946105957
2007-07-30,29.59774398803711
2007-07-31,29.479991912841797
2007-08-01,29.869497299194336
2007-08-02,30.363170623779297
2007-08-03,29.19012451171875
2007-08-06,30.209165573120117
2007-08-07,30.376741409301758
2007-08-08,31.576967239379883
2007-08-09,31.228225708007812
2007-08-10,30.286169052124023
2007-08-13,30.14124870300293
2007-08-14,29.27617835998535
2007-08-15,28.78249168395996
2007-08-16,29.937421798706055
2007-08-17,30.61678123474121
2007-08-20,31.17840003967285
2007-08-21,31.32333755493164
2007-08-22,31.703777313232422
2007-08-23,31.16028594970703
2007-08-24,31.327857971191406
2007-08-27,30.648487091064453
2007-08-28,29.710962295532227
2007-08-29,30.797964096069336
2007-08-30,30.956470489501953
2007-08-31,31.468259811401367
2007-09-04,31.88494300842285
2007-09-05,31.119516372680664
2007-09-06,31.39580535888672
2007-09-07,30.639436721801758
2007-09-10,30.322391510009766
2007-09-11,30.951936721801758
2007-09-12,30.770780563354492
2007-09-13,31.463735580444336
2007-09-14,31.66754722595215
2007-09-17,31.43656349182129
2007-09-18,32.55526351928711
2007-09-19,33.16667938232422
2007-09-20,32.306148529052734
2007-09-21,32.53713607788086
2007-09-24,33.15399169921875
2007-09-25,32.33029556274414
2007-09-26,32.801639556884766
2007-09-27,33.053321838378906
2007-09-28,32.70096206665039
2007-10-01,33.49720001220703
2007-10-02,34.1058349609375
2007-10-03,33.94108581542969
2007-10-04,34.288875579833984
2007-10-05,35.09426498413086
2007-10-08,34.43073654174805
2007-10-09,34.81512451171875
2007-10-10,34.57259750366211
2007-10-11,34.435302734375
2007-10-12,34.11041259765625
2007-10-15,33.4697380065918
2007-10-16,33.06248092651367
2007-10-17,33.01213455200195
2007-10-18,33.021297454833984
2007-10-19,31.616416931152344
2007-10-22,32.44468307495117
2007-10-23,32.787906646728516
2007-10-24,32.23876190185547
2007-10-25,32.307411193847656
2007-10-26,32.79705810546875
2007-10-29,32.26165771484375
2007-10-30,32.70553970336914
2007-10-31,33.38739013671875
2007-11-01,31.826923370361328
2007-11-02,31.37388038635254
2007-11-05,30.920852661132812
2007-11-06,31.3098087310791
2007-11-07,30.335107803344727
2007-11-08,30.426631927490234
2007-11-09,30.179506301879883
2007-11-12,30.52729606628418
2007-11-13,31.538618087768555
2007-11-14,30.897972106933594
2007-11-15,30.843067169189453
2007-11-16,30.266460418701172
2007-11-19,29.607492446899414
2007-11-20,29.03548812866211
2007-11-21,28.83413314819336
2007-11-23,29.401575088500977
2007-11-26,27.99212074279785
2007-11-27,28.646509170532227
2007-11-28,29.904930114746094
2007-11-29,29.424453735351562
2007-11-30,30.22528839111328
2007-12-03,29.900379180908203
2007-12-04,29.09497833251953
2007-12-05,30.074283599853516
2007-12-06,31.03067398071289
2007-12-07,30.920852661132812
2007-12-10,31.584379196166992
2007-12-11,29.918670654296875
2007-12-12,29.818008422851562
2007-12-13,29.4793758392334
2007-12-14,28.738037109375
2007-12-17,27.850263595581055
2007-12-18,28.28042984008789
2007-12-19,28.568723678588867
2007-12-20,28.449626922607422
2007-12-21,29.007831573486328
2007-12-24,29.947477340698242
2007-12-26,29.449745178222656
2007-12-27,28.86363983154297
2007-12-28,28.35660171508789
2007-12-31,28.589181900024414
2008-01-02,28.500812530517578
2008-01-03,27.612335205078125
2008-01-04,26.49127960205078
2008-01-07,26.737829208374023
2008-01-08,25.812152862548828
2008-01-09,26.268003463745117
2008-01-10,26.672693252563477
2008-01-11,26.677350997924805
2008-01-14,26.565702438354492
2008-01-15,26.026119232177734
2008-01-16,26.323837280273438
2008-01-17,25.96565055847168
2008-01-18,25.621417999267578
2008-01-22,26.235437393188477
2008-01-23,28.724079132080078
2008-01-24,28.04960060119629
2008-01-25,27.886781692504883
2008-01-28,28.831073760986328
2008-01-29,28.570573806762695
2008-01-30,27.807710647583008
2008-01-31,28.365915298461914
2008-02-01,29.552108764648438
2008-02-04,29.245065689086914
2008-02-05,28.212413787841797
2008-02-06,27.751888275146484
2008-02-07,28.40776252746582
2008-02-08,27.500699996948242
2008-02-11,26.94249153137207
2008-02-12,27.71002769470215
2008-02-13,27.928647994995117
2008-02-14,27.407663345336914
2008-02-15,27.630939483642578
2008-02-19,27.561176300048828
2008-02-20,27.733287811279297
2008-02-21,26.979717254638672
2008-02-22,27.742589950561523
2008-02-25,28.589181900024414
2008-02-26,28.58453941345215
2008-02-27,28.449626922607422
2008-02-28,27.863521575927734
2008-02-29,27.46347999572754
2008-03-03,27.654203414916992
2008-03-04,27.393705368041992
2008-03-05,27.77050018310547
2008-03-06,26.50522804260254
2008-03-07,26.937847137451172
2008-03-10,26.5564022064209
2008-03-11,28.28217315673828
2008-03-12,27.6867618560791
2008-03-13,28.012392044067383
2008-03-14,27.44488525390625
2008-03-17,27.612335205078125
2008-03-18,28.826419830322266
2008-03-19,28.607791900634766
2008-03-20,29.561397552490234
2008-03-24,30.226577758789062
2008-03-25,30.303916931152344
2008-03-26,29.722684860229492
2008-03-27,29.478939056396484
2008-03-28,29.13207244873047
2008-03-31,29.244565963745117
2008-04-01,30.908592224121094
2008-04-02,30.758609771728516
2008-04-03,31.461698532104492
2008-04-04,30.964834213256836
2008-04-07,30.67890739440918
2008-04-08,30.6367244720459
2008-04-09,29.867992401123047
2008-04-10,30.15859603881836
2008-04-11,29.788307189941406
2008-04-14,29.6148738861084
2008-04-15,29.91486167907715
2008-04-16,31.12889862060547
2008-04-17,31.241395950317383
2008-04-18,31.063262939453125
2008-04-21,30.833595275878906
2008-04-22,30.758609771728516
2008-04-23,31.14295768737793
2008-04-24,31.761714935302734
2008-04-25,31.939817428588867
2008-04-28,31.89764404296875
2008-04-29,31.550764083862305
2008-04-30,31.11015510559082
2008-05-01,31.78044319152832
2008-05-02,31.7523193359375
2008-05-05,31.663267135620117
2008-05-06,31.883562088012695
2008-05-07,31.016393661499023
2008-05-08,30.82891845703125
2008-05-09,30.660160064697266
2008-05-12,31.396087646484375
2008-05-13,31.522624969482422
2008-05-14,31.719505310058594
2008-05-15,32.1038703918457
2008-05-16,31.935123443603516
2008-05-19,31.986692428588867
2008-05-20,31.555448532104492
2008-05-21,30.79608726501465
2008-05-22,30.533601760864258
2008-05-23,30.388288497924805
2008-05-27,30.80547332763672
2008-05-28,30.857036590576172
2008-05-29,31.189836502075195
2008-05-30,31.044513702392578
2008-06-02,30.52423858642578
2008-06-03,30.725788116455078
2008-06-04,30.885154724121094
2008-06-05,31.592960357666016
2008-06-06,30.271108627319336
2008-06-09,29.671117782592773
2008-06-10,29.68519401550293
2008-06-11,29.23519515991211
2008-06-12,29.535181045532227
2008-06-13,30.02735137939453
2008-06-16,30.425804138183594
2008-06-17,29.563316345214844
2008-06-18,29.12738800048828
2008-06-19,29.802366256713867
2008-06-20,29.13207244873047
2008-06-23,28.410221099853516
2008-06-24,28.428272247314453
2008-06-25,28.893760681152344
2008-06-26,27.929519653320312
2008-06-27,27.71102523803711
2008-06-30,27.749019622802734
2008-07-01,27.72528648376465
2008-07-02,27.383296966552734
2008-07-03,27.10303497314453
2008-07-07,26.495046615600586
2008-07-08,28.471012115478516
2008-07-09,26.528297424316406
2008-07-10,27.041278839111328
2008-07-11,26.908288955688477
2008-07-14,25.972564697265625
2008-07-15,25.7208194732666
2008-07-16,27.59703826904297
2008-07-17,27.929519653320312
2008-07-18,27.977027893066406
2008-07-21,28.186012268066406
2008-07-22,28.941251754760742
2008-07-23,29.758237838745117
2008-07-24,27.78702735900879
2008-07-25,28.243022918701172
2008-07-28,27.782291412353516
2008-07-29,29.07425308227539
2008-07-30,28.974502563476562
2008-07-31,28.613513946533203
2008-08-01,28.63726806640625
2008-08-04,28.219270706176758
2008-08-05,29.48750114440918
2008-08-06,29.344999313354492
2008-08-07,28.57077980041504
2008-08-08,29.402002334594727
2008-08-11,30.35198974609375
2008-08-12,29.672744750976562
2008-08-13,29.24050521850586
2008-08-14,29.71074104309082
2008-08-15,29.66798973083496
2008-08-18,29.259504318237305
2008-08-19,28.537521362304688
2008-08-20,28.58026885986328
2008-08-21,28.072021484375
2008-08-22,29.026750564575195
2008-08-25,28.148014068603516
2008-08-26,28.480506896972656
2008-08-27,28.765504837036133
2008-08-28,29.497005462646484
2008-08-29,29.29274559020996
2008-09-02,29.48274803161621
2008-09-03,29.94823455810547
2008-09-04,29.107511520385742
2008-09-05,29.112255096435547
2008-09-08,30.37099266052246
2008-09-09,29.235763549804688
2008-09-10,29.288000106811523
2008-09-11,29.734487533569336
2008-09-12,29.63949966430664
2008-09-15,27.929519653320312
2008-09-16,29.307010650634766
2008-09-17,27.620792388916016
2008-09-18,29.967241287231445
2008-09-19,30.860227584838867
2008-09-22,28.26677131652832
2008-09-23,28.45677947998047
2008-09-24,28.26043701171875
2008-09-25,28.611719131469727
2008-09-26,29.49709701538086
2008-09-29,27.293245315551758
2008-09-30,29.256507873535156
2008-10-01,28.549152374267578
2008-10-02,26.706174850463867
2008-10-03,25.55133056640625
2008-10-06,24.78623390197754
2008-10-07,22.65935516357422
2008-10-08,22.346582412719727
2008-10-09,20.57579803466797
2008-10-10,22.543861389160156
2008-10-13,23.977825164794922
2008-10-14,22.346582412719727
2008-10-15,19.47867202758789
2008-10-16,20.609479904174805
2008-10-17,20.388126373291016
2008-10-20,20.537294387817383
2008-10-21,19.83476448059082
2008-10-22,18.43447494506836
2008-10-23,17.953298568725586
2008-10-24,16.93316650390625
2008-10-27,15.970783233642578
2008-10-28,18.46816635131836
2008-10-29,17.813749313354492
2008-10-30,18.766510009765625
2008-10-31,19.97431182861328
2008-11-03,19.31987953186035
2008-11-04,20.402559280395508
2008-11-05,18.395986557006836
2008-11-06,17.53466033935547
2008-11-07,18.646209716796875
2008-11-10,16.97647476196289
2008-11-11,16.740699768066406
2008-11-12,15.54251766204834
2008-11-13,17.250757217407227
2008-11-14,15.306735038757324
2008-11-17,14.753365516662598
2008-11-18,14.613819122314453
2008-11-19,12.650551795959473
2008-11-20,11.64967155456543
2008-11-21,12.506196022033691
2008-11-24,14.63305950164795
2008-11-25,14.864033699035645
2008-11-26,15.667635917663574
2008-11-28,15.436655044555664
2008-12-01,12.424391746520996
2008-12-02,14.074883460998535
2008-12-03,14.864033699035645
2008-12-04,14.455021858215332
2008-12-05,15.985214233398438
2008-12-08,17.476913452148438
2008-12-09,15.96115779876709
2008-12-10,17.332557678222656
2008-12-11,14.859227180480957
2008-12-12,16.41348648071289
2008-12-15,15.840860366821289
2008-12-16,17.78006362915039
2008-12-17,18.10727882385254
2008-12-18,16.60114860534668
2008-12-19,17.7656307220459
2008-12-22,17.09677505493164
2008-12-23,17.000534057617188
2008-12-24,17.20071029663086
2008-12-26,17.447853088378906
2008-12-29,16.444477081298828
2008-12-30,17.101856231689453
2008-12-31,18.016265869140625
2009-01-02,17.44291114807129
2009-01-05,17.121633529663086
2009-01-06,17.97672462463379
2009-01-07,17.37371253967285
2009-01-08,17.245203018188477
2009-01-09,16.360448837280273
2009-01-12,15.401559829711914
2009-01-13,15.86617660522461
2009-01-14,15.035797119140625
2009-01-15,15.530069351196289
2009-01-16,16.118261337280273
2009-01-20,14.314156532287598
2009-01-21,15.811808586120605
2009-01-22,14.946828842163086
2009-01-23,15.401559829711914
2009-01-26,15.312583923339844
2009-01-27,15.530069351196289
2009-01-28,16.87449836730957
2009-01-29,15.495468139648438
2009-01-30,14.857855796813965
2009-02-02,15.218669891357422
2009-02-03,15.065452575683594
2009-02-04,14.69969367980957
2009-02-05,14.388298034667969
2009-02-06,15.38673210144043
2009-02-09,15.614096641540527
2009-02-10,14.225188255310059
2009-02-11,14.497038841247559
2009-02-12,14.249898910522461
2009-02-13,13.37503719329834
2009-02-17,12.426033973693848
2009-02-18,12.603974342346191
2009-02-19,12.060270309448242
2009-02-20,12.821452140808105
2009-02-23,11.857620239257812
2009-02-24,12.860993385314941
2009-02-25,12.613852500915527
2009-02-26,11.966360092163086
2009-02-27,11.808185577392578
2009-03-02,11.071723937988281
2009-03-03,11.116209983825684
2009-03-04,11.294145584106445
2009-03-05,10.597225189208984
2009-03-06,10.453883171081543
2009-03-09,10.68619155883789
2009-03-10,12.173954963684082
2009-03-11,11.97624683380127
2009-03-12,12.95490550994873
2009-03-13,12.678115844726562
2009-03-16,11.679675102233887
2009-03-17,12.56442928314209
2009-03-18,13.251469612121582
2009-03-19,12.440860748291016
2009-03-20,11.368287086486816
2009-03-23,13.206989288330078
2009-03-24,12.188777923583984
2009-03-25,12.389391899108887
2009-03-26,12.666617393493652
2009-03-27,12.102086067199707
2009-03-30,11.441790580749512
2009-03-31,12.238177299499512
2009-04-01,12.172649383544922
2009-04-02,13.054725646972656
2009-04-03,14.178747177124023
2009-04-06,14.017452239990234
2009-04-07,12.969042778015137
2009-04-08,13.160581588745117
2009-04-09,14.92473030090332
2009-04-13,14.97009563446045
2009-04-14,13.699906349182129
2009-04-15,14.889444351196289
2009-04-16,15.388452529907227
2009-04-17,15.665669441223145
2009-04-20,14.052733421325684
2009-04-21,15.297721862792969
2009-04-22,14.763440132141113
2009-04-23,15.428773880004883
2009-04-24,16.159639358520508
2009-04-27,15.191874504089355
2009-04-28,15.393491744995117
2009-04-29,16.063867568969727
2009-04-30,15.993298530578613
2009-05-01,15.469097137451172
2009-05-04,16.74432373046875
2009-05-05,16.119314193725586
2009-05-06,16.7342472076416
2009-05-07,15.77656364440918
2009-05-08,16.83000946044922
2009-05-11,16.189878463745117
2009-05-12,16.144512176513672
2009-05-13,15.086026191711426
2009-05-14,15.443896293640137
2009-05-15,14.92473030090332
2009-05-18,16.12435531616211
2009-05-19,15.81689453125
2009-05-20,15.690875053405762
2009-05-21,15.73624324798584
2009-05-22,15.348127365112305
2009-05-26,16.260446548461914
2009-05-27,15.67071533203125
2009-05-28,15.887451171875
2009-05-29,16.411663055419922
2009-06-01,17.253414154052734
2009-06-02,16.89554786682129
2009-06-03,16.86529541015625
2009-06-04,17.404621124267578
2009-06-05,17.3592586517334
2009-06-08,17.041715621948242
2009-06-09,17.041715621948242
2009-06-10,16.74432373046875
2009-06-11,16.401575088500977
2009-06-12,16.996353149414062
2009-06-15,16.189878463745117
2009-06-16,15.89249324798584
2009-06-17,15.590071678161621
2009-06-18,15.695908546447754
2009-06-19,15.85217571258545
2009-06-22,15.025538444519043
2009-06-23,15.136429786682129
2009-06-24,15.466872215270996
2009-06-25,15.67180347442627
2009-06-26,15.805004119873047
2009-06-29,15.794759750366211
2009-06-30,15.886977195739746
2009-07-01,16.16362190246582
2009-07-02,15.308059692382812
2009-07-06,15.692293167114258
2009-07-07,15.082639694213867
2009-07-08,14.939188957214355
2009-07-09,14.657414436340332
2009-07-10,14.636923789978027
2009-07-13,15.190215110778809
2009-07-14,15.374662399291992
2009-07-15,15.943324089050293
2009-07-16,16.127765655517578
2009-07-17,15.69741439819336
2009-07-20,16.25072479248047
2009-07-21,16.204605102539062
2009-07-22,16.2251033782959
2009-07-23,16.870622634887695
2009-07-24,16.988462448120117
2009-07-27,17.234373092651367
2009-07-28,17.218996047973633
2009-07-29,17.003828048706055
2009-07-30,17.613479614257812
2009-07-31,17.59811782836914
2009-08-03,17.915760040283203
2009-08-04,18.89427947998047
2009-08-05,19.616649627685547
2009-08-06,19.468076705932617
2009-08-07,20.55419158935547
2009-08-10,20.113595962524414
2009-08-11,19.529550552368164
2009-08-12,19.673006057739258
2009-08-13,19.775463104248047
2009-08-14,19.611528396606445
2009-08-17,18.566396713256836
2009-08-18,18.75082778930664
2009-08-19,18.60226058959961
2009-08-20,19.345117568969727
2009-08-21,19.852313995361328
2009-08-24,19.78571319580078
2009-08-25,20.006017684936523
2009-08-26,20.067489624023438
2009-08-27,20.262157440185547
2009-08-28,20.441482543945312
2009-08-31,20.118715286254883
2009-09-01,19.042856216430664
2009-09-02,18.658615112304688
2009-09-03,19.032608032226562
2009-09-04,19.25290298461914
2009-09-08,19.924030303955078
2009-09-09,20.313392639160156
2009-09-10,20.61566734313965
2009-09-11,20.579803466796875
2009-09-14,21.18946647644043
2009-09-15,21.527599334716797
2009-09-16,22.403656005859375
2009-09-17,22.30631446838379
2009-09-18,22.33705711364746
2009-09-21,21.98867416381836
2009-09-22,22.68543243408203
2009-09-23,21.865724563598633
2009-09-24,21.06741714477539
2009-09-25,21.134672164916992
2009-09-28,22.00904083251953
2009-09-29,21.652055740356445
2009-09-30,21.445100784301758
2009-10-01,20.482786178588867
2009-10-02,20.33793067932129
2009-10-05,20.89668083190918
2009-10-06,20.83977508544922
2009-10-07,20.82424545288086
2009-10-08,21.222637176513672
2009-10-09,21.403711318969727
2009-10-12,21.372665405273438
2009-10-13,21.072593688964844
2009-10-14,21.843473434448242
2009-10-15,21.657224655151367
2009-10-16,21.088111877441406
2009-10-19,21.543392181396484
2009-10-20,21.14501953125
2009-10-21,20.875995635986328
2009-10-22,21.424402236938477
2009-10-23,21.170886993408203
2009-10-26,21.119159698486328
2009-10-27,20.81390380859375
2009-10-28,19.939550399780273
2009-10-29,20.850126266479492
2009-10-30,20.487964630126953
2009-11-02,20.482786178588867
2009-11-03,20.782861709594727
2009-11-04,20.33793067932129
2009-11-05,20.798385620117188
2009-11-06,20.45691680908203
2009-11-09,21.465795516967773
2009-11-10,21.305410385131836
2009-11-11,21.70378303527832
2009-11-12,21.48131561279297
2009-11-13,21.771039962768555
2009-11-16,22.298768997192383
2009-11-17,21.91073989868164
2009-11-18,22.309118270874023
2009-11-19,21.796916961669922
2009-11-20,21.64169692993164
2009-11-23,21.915910720825195
2009-11-24,21.589950561523438
2009-11-25,21.67791175842285
2009-11-27,21.046720504760742
2009-11-30,21.833127975463867
2009-12-01,22.15389633178711
2009-12-02,22.51605796813965
2009-12-03,22.26255226135254
2009-12-04,22.91960906982422
2009-12-07,22.43846321105957
2009-12-08,22.309118270874023
2009-12-09,22.26255226135254
2009-12-10,22.174598693847656
2009-12-11,22.531578063964844
2009-12-14,22.940303802490234
2009-12-15,22.71266746520996
2009-12-16,22.87822151184082
2009-12-17,22.738534927368164
2009-12-18,22.88857650756836
2009-12-21,23.198999404907227
2009-12-22,23.442157745361328
2009-12-23,23.721542358398438
2009-12-24,24.064271926879883
2009-12-28,24.179555892944336
2009-12-29,23.817947387695312
2009-12-30,23.85464859008789
2009-12-31,23.445892333984375
2010-01-04,23.34632682800293
2010-01-05,23.32012367248535
2010-01-06,23.27819061279297
2010-01-07,23.529748916625977
2010-01-08,23.356800079345703
2010-01-11,23.49305534362793
2010-01-12,23.100025177001953
2010-01-13,23.56641960144043
2010-01-14,23.54545783996582
2010-01-15,23.367280960083008
2010-01-19,23.844167709350586
2010-01-20,23.57691192626953
2010-01-21,22.900880813598633
2010-01-22,22.324430465698242
2010-01-25,22.481643676757812
2010-01-26,22.272031784057617
2010-01-27,22.47116470336914
2010-01-28,22.27726173400879
2010-01-29,22.15149688720703
2010-02-01,22.55500602722168
2010-02-02,22.86420249938965
2010-02-03,22.49211883544922
2010-02-04,21.658891677856445
2010-02-05,22.05716896057129
2010-02-08,21.575048446655273
2010-02-09,21.506912231445312
2010-02-10,21.548845291137695
2010-02-11,21.753219604492188
2010-02-12,22.010007858276367
2010-02-16,22.63361930847168
2010-02-17,22.83799934387207
2010-02-18,23.178627014160156
2010-02-19,23.1943416595459
2010-02-22,23.251985549926758
2010-02-23,23.073816299438477
2010-02-24,23.309642791748047
2010-02-25,23.39872169494629
2010-02-26,23.388240814208984
2010-03-01,23.587390899658203
2010-03-02,23.597871780395508
2010-03-03,23.534984588623047
2010-03-04,23.681711196899414
2010-03-05,24.326290130615234
2010-03-08,24.572586059570312
2010-03-09,24.630237579345703
2010-03-10,24.850332260131836
2010-03-11,24.997072219848633
2010-03-12,25.19620704650879
2010-03-15,25.138566970825195
2010-03-16,25.7464542388916
2010-03-17,26.129016876220703
2010-03-18,25.987518310546875
2010-03-19,25.704540252685547
2010-03-22,26.029447555541992
2010-03-23,25.95607566833496
2010-03-24,26.097576141357422
2010-03-25,26.161462783813477
2010-03-26,26.024179458618164
2010-03-29,26.10338020324707
2010-03-30,26.066429138183594
2010-03-31,25.7707576751709
2010-04-01,25.90274429321289
2010-04-05,26.472970962524414
2010-04-06,27.080141067504883
2010-04-07,26.4835205078125
2010-04-08,26.515216827392578
2010-04-09,26.89006805419922
2010-04-12,26.721113204956055
2010-04-13,27.37581443786621
2010-04-14,27.418060302734375
2010-04-15,26.668319702148438
2010-04-16,26.055862426757812
2010-04-19,26.172014236450195
2010-04-20,26.615514755249023
2010-04-21,27.080141067504883
2010-04-22,27.49725341796875
2010-04-23,27.86155128479004
2010-04-26,28.083303451538086
2010-04-27,27.185749053955078
2010-04-28,27.270217895507812
2010-04-29,28.500411987304688
2010-04-30,27.613412857055664
2010-05-03,28.532087326049805
2010-05-04,27.882680892944336
2010-05-05,27.507808685302734
2010-05-06,26.377933502197266
2010-05-07,25.93442153930664
2010-05-10,27.645084381103516
2010-05-11,27.808748245239258
2010-05-12,28.257539749145508
2010-05-13,27.798202514648438
2010-05-14,26.916471481323242
2010-05-17,26.953428268432617
2010-05-18,26.2723331451416
2010-05-19,26.02946662902832
2010-05-20,24.693668365478516
2010-05-21,25.522600173950195
2010-05-24,24.952377319335938
2010-05-25,25.15302085876465
2010-05-26,25.10021209716797
2010-05-27,26.47825050354004
2010-05-28,26.14033317565918
2010-06-01,25.596519470214844
2010-06-02,26.098102569580078
2010-06-03,26.024179458618164
2010-06-04,24.551118850708008
2010-06-07,24.419126510620117
2010-06-08,24.85735321044922
2010-06-09,25.00517463684082
2010-06-10,26.087543487548828
2010-06-11,26.399049758911133
2010-06-14,26.726390838623047
2010-06-15,27.323015213012695
2010-06-16,27.074861526489258
2010-06-17,27.1329402923584
2010-06-18,27.048479080200195
2010-06-21,26.83727264404297
2010-06-22,26.040023803710938
2010-06-23,26.108661651611328
2010-06-24,25.555965423583984
2010-06-25,26.20086669921875
2010-06-28,25.89175033569336
2010-06-29,25.044307708740234
2010-06-30,24.777833938598633
2010-07-01,24.692556381225586
2010-07-02,24.21821403503418
2010-07-06,23.679920196533203
2010-07-07,24.83113670349121
2010-07-08,25.140254974365234
2010-07-09,25.46002960205078
2010-07-12,25.539974212646484
2010-07-13,26.168872833251953
2010-07-14,26.014324188232422
2010-07-15,25.92905044555664
2010-07-16,25.086963653564453
2010-07-19,25.39607810974121
2010-07-20,25.870426177978516
2010-07-21,25.332122802734375
2010-07-22,26.28081703186035
2010-07-23,26.6165771484375
2010-07-26,27.28278350830078
2010-07-27,27.27745819091797
2010-07-28,27.22417449951172
2010-07-29,26.994977951049805
2010-07-30,27.15488052368164
2010-08-02,28.066268920898438
2010-08-03,27.79445457458496
2010-08-04,27.99165153503418
2010-08-05,27.639883041381836
2010-08-06,27.51197624206543
2010-08-09,27.826425552368164
2010-08-10,27.554603576660156
2010-08-11,26.86707305908203
2010-08-12,26.531299591064453
2010-08-13,26.531299591064453
2010-08-16,26.50999641418457
2010-08-17,27.117576599121094
2010-08-18,27.14421844482422
2010-08-19,26.45136070251465
2010-08-20,26.366092681884766
2010-08-23,26.227506637573242
2010-08-24,26.12091636657715
2010-08-25,26.536636352539062
2010-08-26,26.37674903869629
2010-08-27,26.813793182373047
2010-08-30,26.60591697692871
2010-08-31,26.80844497680664
2010-09-01,27.682523727416992
2010-09-02,28.034278869628906
2010-09-03,28.444673538208008
2010-09-07,28.00763702392578
2010-09-08,28.066268920898438
2010-09-09,27.741153717041016
2010-09-10,27.890384674072266
2010-09-13,28.348730087280273
2010-09-14,28.24214744567871
2010-09-15,28.487306594848633
2010-09-16,28.338071823120117
2010-09-17,28.423355102539062
2010-09-20,29.116222381591797
2010-09-21,28.689842224121094
2010-09-22,28.300762176513672
2010-09-23,27.60257911682129
2010-09-24,28.3834228515625
2010-09-27,28.033876419067383
2010-09-28,28.146804809570312
2010-09-29,27.92631721496582
2010-09-30,28.006988525390625
2010-10-01,28.146804809570312
2010-10-04,28.404935836791992
2010-10-05,28.856651306152344
2010-10-06,28.700700759887695
2010-10-07,28.78136444091797
2010-10-08,28.86203384399414
2010-10-11,28.856651306152344
2010-10-12,29.061004638671875
2010-10-13,29.362157821655273
2010-10-14,29.286876678466797
2010-10-15,29.24923324584961
2010-10-18,29.62567710876465
2010-10-19,29.259984970092773
2010-10-20,29.899921417236328
2010-10-21,29.86765480041504
2010-10-22,29.883806228637695
2010-10-25,29.937576293945312
2010-10-26,29.72246551513672
2010-10-27,29.512739181518555
2010-10-28,29.329891204833984
2010-10-29,29.335264205932617
2010-11-01,29.588031768798828
2010-11-02,29.792375564575195
2010-11-03,29.792375564575195
2010-11-04,30.480714797973633
2010-11-05,30.808752059936523
2010-11-08,30.642047882080078
2010-11-09,29.399812698364258
2010-11-10,29.76548194885254
2010-11-11,29.52886390686035
2010-11-12,29.254602432250977
2010-11-15,28.97495460510254
2010-11-16,27.980085372924805
2010-11-17,28.19520378112793
2010-11-18,28.44795036315918
2010-11-19,28.598526000976562
2010-11-22,28.67381477355957
2010-11-23,28.44795036315918
2010-11-24,28.996479034423828
2010-11-26,28.93732261657715
2010-11-29,28.92119598388672
2010-11-30,28.7921199798584
2010-12-01,28.95882797241211
2010-12-02,29.40517807006836
2010-12-03,29.399812698364258
2010-12-06,29.458938598632812
2010-12-07,29.52348518371582
2010-12-08,29.087888717651367
2010-12-09,28.82976722717285
2010-12-10,29.017974853515625
2010-12-13,29.066396713256836
2010-12-14,28.78136444091797
2010-12-15,28.507108688354492
2010-12-16,28.555492401123047
2010-12-17,28.7921199798584
2010-12-20,29.136289596557617
2010-12-21,29.442829132080078
2010-12-22,29.66867446899414
2010-12-23,29.534244537353516
2010-12-27,29.901216506958008
2010-12-28,30.020822525024414
2010-12-29,30.080617904663086
2010-12-30,30.16216468811035
2010-12-31,30.102371215820312
2011-01-03,30.662330627441406
2011-01-04,30.075178146362305
2011-01-05,30.183917999267578
2011-01-06,29.901216506958008
2011-01-07,29.91210174560547
2011-01-10,29.906658172607422
2011-01-11,29.841411590576172
2011-01-12,29.966453552246094
2011-01-13,30.064302444458008
2011-01-14,30.265474319458008
2011-01-18,30.526424407958984
2011-01-19,30.124103546142578
2011-01-20,30.129547119140625
2011-01-21,30.151296615600586
2011-01-24,30.30352210998535
2011-01-25,30.656892776489258
2011-01-26,30.705829620361328
2011-01-27,31.189685821533203
2011-01-28,30.673219680786133
2011-01-31,31.080951690673828
2011-02-01,31.157068252563477
2011-02-02,31.157068252563477
2011-02-03,31.244041442871094
2011-02-04,31.015708923339844
2011-02-07,31.320161819458008
2011-02-08,31.456066131591797
2011-02-09,31.47782325744629
2011-02-10,31.608301162719727
2011-02-11,31.81489372253418
2011-02-14,31.820329666137695
2011-02-15,31.700727462768555
2011-02-16,31.771394729614258
2011-02-17,31.804012298583984
2011-02-18,31.929058074951172
2011-02-22,31.65179443359375
2011-02-23,31.385400772094727
2011-02-24,31.14618682861328
2011-02-25,31.755102157592773
2011-02-28,32.54339599609375
2011-03-01,31.575685501098633
2011-03-02,31.287540435791016
2011-03-03,31.738784790039062
2011-03-04,31.43433380126953
2011-03-07,31.205984115600586
2011-03-08,31.64636993408203
2011-03-09,31.613733291625977
2011-03-10,31.129884719848633
2011-03-11,31.445201873779297
2011-03-14,31.129884719848633
2011-03-15,30.966772079467773
2011-03-16,30.510107040405273
2011-03-17,30.743879318237305
2011-03-18,31.05376434326172
2011-03-21,31.39084243774414
2011-03-22,31.189685821533203
2011-03-23,30.84718894958496
2011-03-24,30.977657318115234
2011-03-25,31.219703674316406
2011-03-28,31.181385040283203
2011-03-29,31.30731773376465
2011-03-30,31.761838912963867
2011-03-31,32.01921844482422
2011-04-01,32.06850814819336
2011-04-04,32.04661178588867
2011-04-05,32.07946014404297
2011-04-06,32.095890045166016
2011-04-07,31.739940643310547
2011-04-08,31.509929656982422
2011-04-11,31.53184700012207
2011-04-12,31.477094650268555
2011-04-13,31.42779541015625
2011-04-14,31.882328033447266
2011-04-15,32.293033599853516
2011-04-18,32.00279235839844
2011-04-19,32.254695892333984
2011-04-20,32.6325569152832
2011-04-21,32.85161209106445
2011-04-25,33.070648193359375
2011-04-26,33.36088562011719
2011-04-27,33.60731506347656
2011-04-28,34.05636978149414
2011-04-29,33.859222412109375
2011-05-02,33.908504486083984
2011-05-03,33.61827087402344
2011-05-04,33.426597595214844
2011-05-05,33.40470504760742
2011-05-06,33.10898208618164
2011-05-09,33.27874755859375
2011-05-10,33.804466247558594
2011-05-11,33.448509216308594
2011-05-12,33.503265380859375
2011-05-13,33.1473274230957
2011-05-16,33.19660568237305
2011-05-17,33.18565368652344
2011-05-18,33.50875473022461
2011-05-19,33.651119232177734
2011-05-20,33.24043273925781
2011-05-23,32.90088653564453
2011-05-24,32.99945831298828
2011-05-25,33.15278625488281
2011-05-26,33.59636306762695
2011-05-27,33.78804016113281
2011-05-31,34.32469177246094
2011-06-01,33.33897399902344
2011-06-02,33.098045349121094
2011-06-03,33.22945022583008
2011-06-06,32.74208068847656
2011-06-07,33.08708572387695
2011-06-08,32.993988037109375
2011-06-09,32.63802719116211
2011-06-10,31.81659698486328
2011-06-13,31.94803810119629
2011-06-14,32.424461364746094
2011-06-15,31.904233932495117
2011-06-16,32.156124114990234
2011-06-17,32.46278381347656
2011-06-20,32.857078552246094
2011-06-21,33.11445999145508
2011-06-22,33.015892028808594
2011-06-23,32.347801208496094
2011-06-24,32.35275650024414
2011-06-27,32.490840911865234
2011-06-28,32.76144790649414
2011-06-29,33.1038703918457
2011-06-30,33.19223403930664
2011-07-01,33.761085510253906
2011-07-05,34.02066421508789
2011-07-06,34.27471923828125
2011-07-07,34.705501556396484
2011-07-08,34.66130828857422
2011-07-11,34.059326171875
2011-07-12,34.17530059814453
2011-07-13,33.83841323852539
2011-07-14,33.52360153198242
2011-07-15,33.89364242553711
2011-07-18,33.65614700317383
2011-07-19,34.19740295410156
2011-07-20,34.4459114074707
2011-07-21,34.7220573425293
2011-07-22,34.89326095581055
2011-07-25,34.56741714477539
2011-07-26,34.64473342895508
2011-07-27,33.67272186279297
2011-07-28,33.70585250854492
2011-07-29,33.71138000488281
2011-08-01,33.203285217285156
2011-08-02,32.14289474487305
2011-08-03,31.8778133392334
2011-08-04,30.320371627807617
2011-08-05,29.56373405456543
2011-08-08,26.995615005493164
2011-08-09,29.453279495239258
2011-08-10,28.773969650268555
2011-08-11,30.265132904052734
2011-08-12,30.259607315063477
2011-08-15,31.364185333251953
2011-08-16,31.27029037475586
2011-08-17,31.358654022216797
2011-08-18,29.96137237548828
2011-08-19,29.38699722290039
2011-08-22,29.420133590698242
2011-08-23,30.143617630004883
2011-08-24,30.541271209716797
2011-08-25,29.97243309020996
2011-08-26,30.33693504333496
2011-08-29,31.375228881835938
2011-08-30,31.46358871459961
2011-08-31,31.817049026489258
2011-09-01,31.358654022216797
2011-09-02,30.61859893798828
2011-09-06,30.48603630065918
2011-09-07,31.634803771972656
2011-09-08,31.39179801940918
2011-09-09,30.408723831176758
2011-09-12,30.508134841918945
2011-09-13,30.579933166503906
2011-09-14,30.77876091003418
2011-09-15,31.286865234375
2011-09-16,31.59062385559082
2011-09-19,30.900249481201172
2011-09-20,30.883699417114258
2011-09-21,29.25444984436035
2011-09-22,28.54201889038086
2011-09-23,28.75224494934082
2011-09-26,29.15374183654785
2011-09-27,29.44371795654297
2011-09-28,28.696468353271484
2011-09-29,29.142595291137695
2011-09-30,28.36746597290039
2011-10-03,27.029111862182617
2011-10-04,28.094223022460938
2011-10-05,27.854427337646484
2011-10-06,28.618408203125
2011-10-07,27.820968627929688
2011-10-10,29.209518432617188
2011-10-11,28.629558563232422
2011-10-12,29.097990036010742
2011-10-13,28.90837287902832
2011-10-14,29.57756233215332
2011-10-17,28.936279296875
2011-10-18,29.95674705505371
2011-10-19,29.611005783081055
2011-10-20,29.77830696105957
2011-10-21,30.759767532348633
2011-10-24,31.52373695373535
2011-10-25,31.010705947875977
2011-10-26,31.23934555053711
2011-10-27,32.722686767578125
2011-10-28,32.78960037231445
2011-10-31,32.42155456542969
2011-11-01,31.37876319885254
2011-11-02,31.98101806640625
2011-11-03,32.42155456542969
2011-11-04,32.15945816040039
2011-11-07,32.165042877197266
2011-11-08,32.58327865600586
2011-11-09,31.0943546295166
2011-11-10,31.088783264160156
2011-11-11,31.92525291442871
2011-11-14,31.334144592285156
2011-11-15,31.568344116210938
2011-11-16,31.26721954345703
2011-11-17,30.692852020263672
2011-11-18,30.888038635253906
2011-11-21,30.107324600219727
2011-11-22,29.967910766601562
2011-11-23,29.064523696899414
2011-11-25,29.192787170410156
2011-11-28,29.845230102539062
2011-11-29,29.80061912536621
2011-11-30,31.18916130065918
2011-12-01,30.932632446289062
2011-12-02,30.90475845336914
2011-12-05,31.16685676574707
2011-12-06,31.11666488647461
2011-12-07,31.456832885742188
2011-12-08,30.743043899536133
2011-12-09,31.417787551879883
2011-12-12,30.86014175415039
2011-12-13,30.49767303466797
2011-12-14,30.676122665405273
2011-12-15,31.18916130065918
2011-12-16,31.53488540649414
2011-12-19,31.26165771484375
2011-12-20,32.209651947021484
2011-12-21,32.19850540161133
2011-12-22,32.661354064941406
2011-12-23,32.80343246459961
2011-12-27,32.95002746582031
2011-12-28,32.55533981323242
2011-12-29,32.842899322509766
2011-12-30,32.701934814453125
2012-01-03,32.978214263916016
2012-01-04,32.414371490478516
2012-01-05,32.71885681152344
2012-01-06,32.611724853515625
2012-01-09,32.49897003173828
2012-01-10,32.85980224609375
2012-01-11,33.09098434448242
2012-01-12,32.84852981567383
2012-01-13,32.92182540893555
2012-01-17,33.19247055053711
2012-01-18,33.42362594604492
2012-01-19,33.553321838378906
2012-01-20,33.761932373046875
2012-01-23,33.92544937133789
2012-01-24,34.1848030090332
2012-01-25,34.62458801269531
2012-01-26,34.867027282714844
2012-01-27,34.87830352783203
2012-01-30,34.61893844604492
2012-01-31,34.78810119628906
2012-02-01,35.13203048706055
2012-02-02,35.21097183227539
2012-02-03,35.70149230957031
2012-02-06,35.588722229003906
2012-02-07,35.49851989746094
2012-02-08,35.56053924560547
2012-02-09,35.301170349121094
2012-02-10,34.97416305541992
2012-02-13,35.32936096191406
2012-02-14,34.9685173034668
2012-02-15,34.75990295410156
2012-02-16,35.12637710571289
2012-02-17,35.15458297729492
2012-02-21,34.607669830322266
2012-02-22,34.31447982788086
2012-02-23,34.74298095703125
2012-02-24,34.78810119628906
2012-02-27,34.73170471191406
2012-02-28,34.52873611450195
2012-02-29,34.387779235839844
2012-03-01,34.59638214111328
2012-03-02,34.545654296875
2012-03-05,34.89523696899414
2012-03-06,34.43288803100586
2012-03-07,34.61893844604492
2012-03-08,34.438514709472656
2012-03-09,34.607669830322266
2012-03-12,34.861385345458984
2012-03-13,35.56617736816406
2012-03-14,35.470314025878906
2012-03-15,35.419593811035156
2012-03-16,35.6225471496582
2012-03-19,35.87063980102539
2012-03-20,35.81989669799805
2012-03-21,35.7691535949707
2012-03-22,35.278621673583984
2012-03-23,35.49851989746094
2012-03-26,35.91455841064453
2012-03-27,35.920249938964844
2012-03-28,35.863407135009766
2012-03-29,35.88045883178711
2012-03-30,36.17599868774414
2012-04-02,36.43174743652344
2012-04-03,36.289669036865234
2012-04-04,35.89181137084961
2012-04-05,35.75540542602539
2012-04-09,35.374610900878906
2012-04-10,34.61301040649414
2012-04-11,35.05633544921875
2012-04-12,35.53942108154297
2012-04-13,35.39167022705078
2012-04-16,35.8747673034668
2012-04-17,36.18169021606445
2012-04-18,35.93729019165039
2012-04-19,35.93729019165039
2012-04-20,36.37491989135742
2012-04-23,35.99980545043945
2012-04-24,36.53974533081055
2012-04-25,36.960330963134766
2012-04-26,37.05128479003906
2012-04-27,37.30703353881836
2012-04-30,37.21041488647461
2012-05-01,37.613948822021484
2012-05-02,37.557106018066406
2012-05-03,37.4263916015625
2012-05-04,37.09673309326172
2012-05-07,37.358184814453125
2012-05-08,37.289981842041016
2012-05-09,37.17063522338867
2012-05-10,37.19904708862305
2012-05-11,37.27861404418945
2012-05-14,36.80687713623047
2012-05-15,36.613616943359375
2012-05-16,36.21009826660156
2012-05-17,35.152950286865234
2012-05-18,34.72667694091797
2012-05-21,35.482608795166016
2012-05-22,35.55080795288086
2012-05-23,35.601951599121094
2012-05-24,35.761104583740234
2012-05-25,35.61900329589844
2012-05-29,36.12484359741211
2012-05-30,35.2666130065918
2012-05-31,35.53375244140625
2012-06-01,34.66415786743164
2012-06-04,34.42545700073242
2012-06-05,35.135902404785156
2012-06-06,35.91455841064453
2012-06-07,35.658782958984375
2012-06-08,36.16462707519531
2012-06-11,35.35188293457031
2012-06-12,35.68720626831055
2012-06-13,35.50534439086914
2012-06-14,36.022560119628906
2012-06-15,36.244205474853516
2012-06-18,36.545433044433594
2012-06-19,36.69319534301758
2012-06-20,36.676151275634766
2012-06-21,36.07937240600586
2012-06-22,36.08505630493164
2012-06-25,35.901126861572266
2012-06-26,36.02145004272461
2012-06-27,36.16471481323242
2012-06-28,36.560123443603516
2012-06-29,37.49418640136719
2012-07-02,37.906761169433594
2012-07-03,38.1302604675293
2012-07-05,37.895301818847656
2012-07-06,37.986995697021484
2012-07-09,38.0270881652832
2012-07-10,37.6202392578125
2012-07-11,37.66036605834961
2012-07-12,37.77497482299805
2012-07-13,38.2391357421875
2012-07-16,38.31363296508789
2012-07-17,38.68037033081055
2012-07-18,38.45115661621094
2012-07-19,38.05002975463867
2012-07-20,37.84946060180664
2012-07-23,37.57439422607422
2012-07-24,37.448333740234375
2012-07-25,37.43112564086914
2012-07-26,37.76350402832031
2012-07-27,38.124515533447266
2012-07-30,38.30216979980469
2012-07-31,38.244850158691406
2012-08-01,38.06148910522461
2012-08-02,38.17037582397461
2012-08-03,38.46836471557617
2012-08-06,38.42824172973633
2012-08-07,37.975528717041016
2012-08-08,37.71764373779297
2012-08-09,37.597328186035156
2012-08-10,37.648895263671875
2012-08-13,37.6202392578125
2012-08-14,37.540000915527344
2012-08-15,37.711936950683594
2012-08-16,37.99844741821289
2012-08-17,38.009910583496094
2012-08-20,37.901031494140625
2012-08-21,37.98126220703125
2012-08-22,37.958335876464844
2012-08-23,37.8437385559082
2012-08-24,37.96980667114258
2012-08-27,38.08441162109375
2012-08-28,38.216217041015625
2012-08-29,38.204750061035156
2012-08-30,38.11878967285156
2012-08-31,38.2391357421875
2012-09-04,38.508460998535156
2012-09-05,38.439701080322266
2012-09-06,38.783531188964844
2012-09-07,38.817901611328125
2012-09-10,38.51419448852539
2012-09-11,38.62879943847656
2012-09-12,38.70903015136719
2012-09-13,39.18464660644531
2012-09-14,39.402400970458984
2012-09-17,39.28780746459961
2012-09-18,38.91532897949219
2012-09-19,38.69755172729492
2012-09-20,38.124515533447266
2012-09-21,38.1302604675293
2012-09-24,37.988739013671875
2012-09-25,37.4284782409668
2012-09-26,37.42268753051758
2012-09-27,37.584415435791016
2012-09-28,37.52666091918945
2012-10-01,37.24940490722656
2012-10-02,37.532440185546875
2012-10-03,37.607521057128906
2012-10-04,37.5959587097168
2012-10-05,37.642181396484375
2012-10-08,37.56131362915039
2012-10-09,37.42268753051758
2012-10-10,37.5728759765625
2012-10-11,37.54398727416992
2012-10-12,37.411136627197266
2012-10-15,37.65950012207031
2012-10-16,37.89054489135742
2012-10-17,37.78657913208008
2012-10-18,38.1735725402832
2012-10-19,37.85589599609375
2012-10-22,37.66527557373047
2012-10-23,37.2840690612793
2012-10-24,37.255184173583984
2012-10-25,37.15121841430664
2012-10-26,36.8277587890625
2012-10-31,37.18587112426758
2012-11-01,37.36494827270508
2012-11-02,37.613311767578125
2012-11-05,37.36494827270508
2012-11-06,37.52666091918945
2012-11-07,37.359161376953125
2012-11-08,36.91440963745117
2012-11-09,36.81620788574219
2012-11-12,36.72956848144531
2012-11-13,36.70069885253906
2012-11-14,36.01335144042969
2012-11-15,35.8458366394043
2012-11-16,36.065330505371094
2012-11-19,36.51007843017578
2012-11-20,36.781558990478516
2012-11-21,36.718017578125
2012-11-23,36.98948669433594
2012-11-26,37.0645751953125
2012-11-27,36.85663986206055
2012-11-28,36.81044006347656
2012-11-29,37.012611389160156
2012-11-30,37.08768844604492
2012-12-03,37.23786163330078
2012-12-04,37.295616149902344
2012-12-05,37.18010711669922
2012-12-06,37.52666091918945
2012-12-07,37.66527557373047
2012-12-10,37.64795684814453
2012-12-11,37.740360260009766
2012-12-12,37.636409759521484
2012-12-13,37.34760665893555
2012-12-14,37.34184265136719
2012-12-17,37.5382080078125
2012-12-18,37.925201416015625
2012-12-19,37.87322235107422
2012-12-20,38.369964599609375
2012-12-21,38.30641174316406
2012-12-24,38.357269287109375
2012-12-26,38.176055908203125
2012-12-27,38.31635665893555
2012-12-28,38.06496810913086
2012-12-31,38.46836471557617
2013-01-02,38.947757720947266
2013-01-03,38.9419059753418
2013-01-04,39.12313461303711
2013-01-07,39.21083450317383
2013-01-08,39.13484191894531
2013-01-09,39.24589920043945
2013-01-10,39.286842346191406
2013-01-11,39.26344680786133
2013-01-14,39.37452697753906
2013-01-15,39.561614990234375
2013-01-16,39.514835357666016
2013-01-17,39.63762283325195
2013-01-18,39.8071403503418
2013-01-22,40.011775970458984
2013-01-23,40.00009536743164
2013-01-24,40.081932067871094
2013-01-25,40.3099250793457
2013-01-28,40.415157318115234
2013-01-29,40.53208541870117
2013-01-30,40.14623260498047
2013-01-31,39.90654373168945
2013-02-01,40.1403923034668
2013-02-04,40.04684829711914
2013-02-05,39.953304290771484
2013-02-06,40.09361267089844
2013-02-07,39.9240837097168
2013-02-08,40.29239273071289
2013-02-11,40.35084915161133
2013-02-12,40.65485382080078
2013-02-13,40.631473541259766
2013-02-14,40.46193313598633
2013-02-15,40.47947311401367
2013-02-19,40.80101013183594
2013-02-20,40.53792953491211
2013-02-21,40.23393630981445
2013-02-22,40.637325286865234
2013-02-25,39.86561965942383
2013-02-26,40.1403923034668
2013-02-27,40.43270492553711
2013-02-28,40.39177703857422
2013-03-01,40.526241302490234
2013-03-04,40.83024597167969
2013-03-05,41.15180969238281
2013-03-06,41.029029846191406
2013-03-07,40.83610916137695
2013-03-08,40.9062614440918
2013-03-11,40.941322326660156
2013-03-12,40.78932571411133
2013-03-13,40.83024597167969
2013-03-14,41.087486267089844
2013-03-15,41.18102264404297
2013-03-18,40.95303726196289
2013-03-19,40.75424575805664
2013-03-20,40.88285446166992
2013-03-21,40.76008987426758
2013-03-22,40.97453689575195
2013-03-25,40.98042678833008
2013-03-26,41.33391189575195
2013-03-27,41.4105110168457
2013-03-28,41.5518913269043
2013-04-01,41.67560958862305
2013-04-02,41.805206298828125
2013-04-03,41.65793991088867
2013-04-04,42.335453033447266
2013-04-05,42.565208435058594
2013-04-08,42.90691375732422
2013-04-09,42.912803649902344
2013-04-10,43.177921295166016
2013-04-11,43.431243896484375
2013-04-12,43.53727722167969
2013-04-15,42.63591003417969
2013-04-16,43.34286880493164
2013-04-17,42.88334655761719
2013-04-18,42.81853103637695
2013-04-19,43.47837829589844
2013-04-22,43.419464111328125
2013-04-23,43.661006927490234
2013-04-24,43.75526428222656
2013-04-25,43.607994079589844
2013-04-26,43.46658706665039
2013-04-29,43.83772659301758
2013-04-30,44.35029220581055
2013-05-01,43.99681091308594
2013-05-02,44.285499572753906
2013-05-03,44.462242126464844
2013-05-06,44.691993713378906
2013-05-07,44.93943786621094
2013-05-08,44.9630126953125
2013-05-09,44.66844940185547
2013-05-10,44.83338928222656
2013-05-13,45.04548263549805
2013-05-14,45.2104377746582
2013-05-15,45.65819549560547
2013-05-16,45.42253875732422
2013-05-17,45.67586135864258
2013-05-20,45.78190994262695
2013-05-21,46.0411376953125
2013-05-22,44.9217529296875
2013-05-23,44.079288482666016
2013-05-24,43.96735763549805
2013-05-28,43.59031295776367
2013-05-29,42.66534423828125
2013-05-30,42.264747619628906
2013-05-31,41.69917678833008
2013-06-03,41.93483352661133
2013-06-04,41.351593017578125
2013-06-05,41.0098991394043
2013-06-06,41.669708251953125
2013-06-07,41.67560958862305
2013-06-10,41.316226959228516
2013-06-11,40.70352554321289
2013-06-12,40.149757385253906
2013-06-13,41.19252014160156
2013-06-14,41.34568786621094
2013-06-17,41.4635124206543
2013-06-18,41.67560958862305
2013-06-19,40.39718246459961
2013-06-20,38.7181396484375
2013-06-21,39.242462158203125
2013-06-24,39.064640045166016
2013-06-25,39.7188835144043
2013-06-26,40.319610595703125
2013-06-27,41.12848663330078
2013-06-28,40.872745513916016
2013-07-01,40.78352355957031
2013-07-02,41.40803909301758
2013-07-03,41.13444519042969
2013-07-05,40.93815994262695
2013-07-08,40.97980880737305
2013-07-09,41.56268310546875
2013-07-10,41.58052444458008
2013-07-11,42.58568572998047
2013-07-12,42.323997497558594
2013-07-15,42.50240707397461
2013-07-16,42.532169342041016
2013-07-17,42.68679428100586
2013-07-18,43.04959487915039
2013-07-19,43.019859313964844
2013-07-22,43.150726318359375
2013-07-23,43.103145599365234
2013-07-24,42.2645149230957
2013-07-25,42.329933166503906
2013-07-26,42.36561965942383
2013-07-29,42.05038833618164
2013-07-30,41.92549514770508
2013-07-31,41.24149703979492
2013-08-01,41.080928802490234
2013-08-02,40.878692626953125
2013-08-05,40.848941802978516
2013-08-06,40.706214904785156
2013-08-07,40.59916305541992
2013-08-08,40.61699676513672
2013-08-09,40.97385787963867
2013-08-12,40.682411193847656
2013-08-13,40.123321533203125
2013-08-14,39.968685150146484
2013-08-15,39.23710632324219
2013-08-16,38.27358627319336
2013-08-19,37.76802444458008
2013-08-20,38.62450408935547
2013-08-21,38.53529739379883
2013-08-22,38.76725387573242
2013-08-23,39.171688079833984
2013-08-26,39.058685302734375
2013-08-27,38.86835479736328
2013-08-28,38.630455017089844
2013-08-29,38.68993377685547
2013-08-30,38.362796783447266
2013-09-03,38.029720306396484
2013-09-04,38.35685729980469
2013-09-05,37.95241165161133
2013-09-06,38.541221618652344
2013-09-09,39.34418487548828
2013-09-10,39.3144416809082
2013-09-11,39.62966537475586
2013-09-12,39.373905181884766
2013-09-13,39.4869270324707
2013-09-16,39.879478454589844
2013-09-17,39.855682373046875
2013-09-18,41.205806732177734
2013-09-19,41.17012023925781
2013-09-20,40.4980354309082
2013-09-23,40.220733642578125
2013-09-24,39.914634704589844
2013-09-25,40.04667663574219
2013-09-26,40.292747497558594
2013-09-27,40.124698638916016
2013-09-30,39.69853591918945
2013-10-01,40.2747688293457
2013-10-02,40.33477020263672
2013-10-03,39.63250732421875
2013-10-04,39.55449676513672
2013-10-07,39.73454284667969
2013-10-08,39.30238723754883
2013-10-09,39.30841827392578
2013-10-10,40.310760498046875
2013-10-11,40.71290588378906
2013-10-14,40.73693084716797
2013-10-15,40.58686447143555
2013-10-16,41.34915542602539
2013-10-17,41.97338104248047
2013-10-18,41.931365966796875
2013-10-21,41.67927551269531
2013-10-22,42.06340789794922
2013-10-23,42.14142990112305
2013-10-24,42.12944030761719
2013-10-25,42.64562225341797
2013-10-28,42.33951950073242
2013-10-29,42.09341812133789
2013-10-30,41.739288330078125
2013-10-31,41.49319076538086
2013-11-01,41.709285736083984
2013-11-04,41.78730773925781
2013-11-05,41.10306167602539
2013-11-06,41.04304504394531
2013-11-07,40.53286361694336
2013-11-08,39.98664474487305
2013-11-11,40.02867126464844
2013-11-12,39.848602294921875
2013-11-13,40.10668182373047
2013-11-14,40.388790130615234
2013-11-15,40.53886032104492
2013-11-18,40.2867546081543
2013-11-19,40.00466537475586
2013-11-20,39.51847839355469
2013-11-21,39.82459259033203
2013-11-22,39.66853332519531
2013-11-25,39.48246383666992
2013-11-26,39.34442901611328
2013-11-27,39.68053436279297
2013-11-29,39.31440353393555
2013-12-02,39.08633041381836
2013-12-03,39.00828552246094
2013-12-04,39.152347564697266
2013-12-05,39.29038619995117
2013-12-06,39.57249069213867
2013-12-09,39.764564514160156
2013-12-10,39.66252136230469
2013-12-11,38.75019073486328
2013-12-12,38.53411865234375
2013-12-13,38.630149841308594
2013-12-16,38.76221466064453
2013-12-17,38.9422721862793
2013-12-18,39.63250732421875
2013-12-19,39.08633041381836
2013-12-20,39.32640838623047
2013-12-23,39.40443420410156
2013-12-24,39.439781188964844
2013-12-26,39.47027587890625
2013-12-27,39.55561828613281
2013-12-30,39.567813873291016
2013-12-31,39.354454040527344
2014-01-02,39.36054229736328
2014-01-03,39.58000183105469
2014-01-06,39.781158447265625
2014-01-07,39.95793914794922
2014-01-08,39.76287078857422
2014-01-09,39.76287078857422
2014-01-10,40.305397033691406
2014-01-13,40.03718566894531
2014-01-14,40.329776763916016
2014-01-15,40.634586334228516
2014-01-16,40.70772171020508
2014-01-17,40.4699821472168
2014-01-21,40.835723876953125
2014-01-22,41.012508392333984
2014-01-23,40.91497039794922
2014-01-24,40.40293884277344
2014-01-27,40.0920295715332
2014-01-28,40.427310943603516
2014-01-29,40.20786666870117
2014-01-30,40.817440032958984
2014-01-31,41.03688049316406
2014-02-03,40.38463592529297
2014-02-04,40.872314453125
2014-02-05,40.786956787109375
2014-02-06,41.08566665649414
2014-02-07,41.396549224853516
2014-02-10,41.78667449951172
2014-02-11,41.95125961303711
2014-02-12,41.975650787353516
2014-02-13,42.13413619995117
2014-02-14,42.298728942871094
2014-02-18,42.50597381591797
2014-02-19,42.48160171508789
2014-02-20,42.3901481628418
2014-02-21,42.493778228759766
2014-02-24,42.59741973876953
2014-02-25,42.73762512207031
2014-02-26,42.83514404296875
2014-02-27,42.719322204589844
2014-02-28,43.11555862426758
2014-03-03,43.13994216918945
2014-03-04,43.761714935302734
2014-03-05,43.70686721801758
2014-03-06,43.341087341308594
2014-03-07,42.87173080444336
2014-03-10,42.64616775512695
2014-03-11,42.91439437866211
2014-03-12,43.04240036010742
2014-03-13,42.84124755859375
2014-03-14,42.95096206665039
2014-03-17,43.04240036010742
2014-03-18,43.17041015625
2014-03-19,42.35357666015625
2014-03-20,42.42673873901367
2014-03-21,42.81685256958008
2014-03-24,42.536468505859375
2014-03-25,42.924835205078125
2014-03-26,42.44013214111328
2014-03-27,42.71009826660156
2014-03-28,42.967796325683594
2014-03-31,43.32979202270508
2014-04-01,43.52613830566406
2014-04-02,43.56293869018555
2014-04-03,43.470909118652344
2014-04-04,43.618167877197266
2014-04-07,43.759281158447266
2014-04-08,44.02924728393555
2014-04-09,43.9188117980957
2014-04-10,43.501583099365234
2014-04-11,43.23775863647461
2014-04-14,43.49545669555664
2014-04-15,44.01084899902344
2014-04-16,44.29309844970703
2014-04-17,44.0353889465332
2014-04-21,44.28694534301758
2014-04-22,44.3851203918457
2014-04-23,44.20719528198242
2014-04-24,44.39125061035156
2014-04-25,44.21945571899414
2014-04-28,44.56304931640625
2014-04-29,44.593719482421875
2014-04-30,44.753265380859375
2014-05-01,44.9434700012207
2014-05-02,44.931190490722656
2014-05-05,45.023231506347656
2014-05-06,44.86370849609375
2014-05-07,45.403629302978516
2014-05-08,45.507938385009766
2014-05-09,45.53862762451172
2014-05-12,45.67973327636719
2014-05-13,45.38523483276367
2014-05-14,45.403629302978516
2014-05-15,45.37908172607422
2014-05-16,45.79632568359375
2014-05-19,45.61224365234375
2014-05-20,45.47113037109375
2014-05-21,45.170494079589844
2014-05-22,45.09071731567383
2014-05-23,45.489532470703125
2014-05-27,45.814720153808594
2014-05-28,45.52635955810547
2014-05-29,45.618377685546875
2014-05-30,45.826988220214844
2014-06-02,45.968101501464844
2014-06-03,45.94356918334961
2014-06-04,46.03559494018555
2014-06-05,46.88232421875
2014-06-06,46.68596267700195
2014-06-09,46.12150573730469
2014-06-10,45.777915954589844
2014-06-11,45.65520095825195
2014-06-12,45.53862762451172
2014-06-13,45.65520095825195
2014-06-16,45.42203140258789
2014-06-17,45.53862762451172
2014-06-18,45.8576774597168
2014-06-19,46.23807144165039
2014-06-20,46.397605895996094
2014-06-23,46.20741271972656
2014-06-24,46.24146270751953
2014-06-25,46.1485710144043
2014-06-26,46.105220794677734
2014-06-27,46.45820617675781
2014-06-30,46.346736907958984
2014-07-01,46.59445571899414
2014-07-02,46.48298263549805
2014-07-03,46.216705322265625
2014-07-07,46.352935791015625
2014-07-08,46.48917007446289
2014-07-09,46.5634765625
2014-07-10,46.7740364074707
2014-07-11,46.780235290527344
2014-07-14,47.009368896484375
2014-07-15,47.040340423583984
2014-07-16,47.18897247314453
2014-07-17,46.94744110107422
2014-07-18,47.41189193725586
2014-07-21,47.23850631713867
2014-07-22,47.387123107910156
2014-07-23,47.47383117675781
2014-07-24,47.41189193725586
2014-07-25,47.083683013916016
2014-07-28,47.41189193725586
2014-07-29,47.182762145996094
2014-07-30,47.083683013916016
2014-07-31,46.38389587402344
2014-08-01,46.27242660522461
2014-08-04,46.59445571899414
2014-08-05,46.11759567260742
2014-08-06,46.09901809692383
2014-08-07,46.12381362915039
2014-08-08,46.39628982543945
2014-08-11,46.68733215332031
2014-08-12,46.6130256652832
2014-08-13,47.28803634643555
2014-08-14,47.257083892822266
2014-08-15,47.20753479003906
2014-08-18,47.67197799682617
2014-08-19,47.771080017089844
2014-08-20,47.98781967163086
2014-08-21,47.913509368896484
2014-08-22,47.5295524597168
2014-08-25,47.424293518066406
2014-08-26,47.51717758178711
2014-08-27,47.54812240600586
2014-08-28,47.54193878173828
2014-08-29,47.79584884643555
2014-09-02,47.80204391479492
2014-09-03,47.92588806152344
2014-09-04,47.74630355834961
2014-09-05,48.254112243652344
2014-09-08,48.20457458496094
2014-09-09,47.907325744628906
2014-09-10,47.15180969238281
2014-09-11,47.18897247314453
2014-09-12,45.73984909057617
2014-09-15,45.516902923583984
2014-09-16,45.962799072265625
2014-09-17,45.95040512084961
2014-09-18,45.5478630065918
2014-09-19,45.60361099243164
2014-09-22,45.24442672729492
2014-09-23,44.91621017456055
2014-09-24,44.79619598388672
2014-09-25,44.59617614746094
2014-09-26,45.19622039794922
2014-09-29,45.13371276855469
2014-09-30,44.908714294433594
2014-10-01,44.94622039794922
2014-10-02,44.871212005615234
2014-10-03,45.15245819091797
2014-10-06,45.27122497558594
2014-10-07,44.91495895385742
2014-10-08,45.88999557495117
2014-10-09,45.88999557495117
2014-10-10,45.93375015258789
2014-10-13,45.97751998901367
2014-10-14,46.72129821777344
2014-10-15,46.540042877197266
2014-10-16,46.61506271362305
2014-10-17,46.671302795410156
2014-10-20,47.38384246826172
2014-10-21,47.81509780883789
2014-10-22,47.827613830566406
2014-10-23,48.196388244628906
2014-10-24,48.158878326416016
2014-10-27,48.51515579223633
2014-10-28,48.7276611328125
2014-10-29,48.45265197753906
2014-10-30,48.75892639160156
2014-10-31,49.37144470214844
2014-11-03,49.80271911621094
2014-11-04,49.88399887084961
2014-11-05,49.777713775634766
2014-11-06,49.39645004272461
2014-11-07,49.33394241333008
2014-11-10,49.740234375
2014-11-11,49.546443939208984
2014-11-12,49.17144775390625
2014-11-13,49.44019317626953
2014-11-14,49.033939361572266
2014-11-17,49.25271224975586
2014-11-18,49.465206146240234
2014-11-19,49.021446228027344
2014-11-20,49.1839485168457
2014-11-21,49.490203857421875
2014-11-24,49.66522216796875
2014-11-25,49.75273513793945
2014-11-26,50.234004974365234
2014-11-28,50.3590087890625
2014-12-01,50.234004974365234
2014-12-02,50.546504974365234
2014-12-03,50.49650955200195
2014-12-04,50.627784729003906
2014-12-05,50.37150573730469
2014-12-08,50.69025802612305
2014-12-09,50.921539306640625
2014-12-10,50.87153244018555
2014-12-11,50.965274810791016
2014-12-12,50.52151870727539
2014-12-15,49.865238189697266
2014-12-16,49.79648208618164
2014-12-17,50.940284729003906
2014-12-18,51.29656982421875
2014-12-19,51.27155303955078
2014-12-22,52.128761291503906
2014-12-23,51.9830436706543
2014-12-24,51.76762008666992
2014-12-26,51.951358795166016
2014-12-29,52.236454010009766
2014-12-30,52.19845199584961
2014-12-31,51.31781005859375
2015-01-02,52.090755462646484
2015-01-05,52.375850677490234
2015-01-06,52.895355224609375
2015-01-07,53.7062873840332
2015-01-08,53.90904998779297
2015-01-09,53.93437194824219
2015-01-12,54.346195220947266
2015-01-13,54.26381301879883
2015-01-14,54.73264694213867
2015-01-15,54.859371185302734
2015-01-16,55.33452224731445
2015-01-20,54.897377014160156
2015-01-21,54.859371185302734
2015-01-22,55.83504867553711
2015-01-23,55.67664337158203
2015-01-26,56.145469665527344
2015-01-27,56.164493560791016
2015-01-28,55.79067611694336
2015-01-29,55.987091064453125
2015-01-30,54.83403396606445
2015-02-02,54.68830108642578
2015-02-03,55.163482666015625
2015-02-04,54.93540954589844
2015-02-05,55.59428787231445
2015-02-06,53.978729248046875
2015-02-09,53.59859085083008
2015-02-10,53.76966857910156
2015-02-11,53.611270904541016
2015-02-12,54.251155853271484
2015-02-13,53.89004135131836
2015-02-17,53.756980895996094
2015-02-18,54.25748825073242
2015-02-19,53.09175491333008
2015-02-20,53.604923248291016
2015-02-23,54.03574752807617
2015-02-24,52.97135925292969
2015-02-25,52.984046936035156
2015-02-26,52.40752029418945
2015-02-27,52.819339752197266
2015-03-02,53.123435974121094
2015-03-03,53.02207946777344
2015-03-04,52.51520919799805
2015-03-05,52.66728210449219
2015-03-06,50.918670654296875
2015-03-09,51.32413864135742
2015-03-10,51.286136627197266
2015-03-11,51.330474853515625
2015-03-12,52.22378158569336
2015-03-13,52.192100524902344
2015-03-16,52.73062515258789
2015-03-17,52.711631774902344
2015-03-18,53.814022064208984
2015-03-19,53.78865432739258
2015-03-20,55.13813018798828
2015-03-23,55.06843948364258
2015-03-24,54.599609375
2015-03-25,53.657615661621094
2015-03-26,53.37718200683594
2015-03-27,53.447303771972656
2015-03-30,54.21210861206055
2015-03-31,53.73410415649414
2015-04-01,53.657615661621094
2015-04-02,54.06550216674805
2015-04-06,54.626380920410156
2015-04-07,53.66400146484375
2015-04-08,53.746864318847656
2015-04-09,52.63152313232422
2015-04-10,52.59324264526367
2015-04-13,52.45304489135742
2015-04-14,52.637882232666016
2015-04-15,52.242740631103516
2015-04-16,52.37656784057617
2015-04-17,52.13438034057617
2015-04-20,52.21086883544922
2015-04-21,52.30009078979492
2015-04-22,52.40843200683594
2015-04-23,52.54863739013672
2015-04-24,52.657012939453125
2015-04-27,52.586891174316406
2015-04-28,52.48490905761719
2015-04-29,51.426944732666016
2015-04-30,50.59202575683594
2015-05-01,50.97441482543945
2015-05-04,51.025421142578125
2015-05-05,49.916439056396484
2015-05-06,49.82083511352539
2015-05-07,50.58564376831055
2015-05-08,51.293087005615234
2015-05-11,50.52191162109375
2015-05-12,50.674861907958984
2015-05-13,50.19048309326172
2015-05-14,51.159244537353516
2015-05-15,51.68185806274414
2015-05-18,51.54803466796875
2015-05-19,51.36957931518555
2015-05-20,51.3249626159668
2015-05-21,51.08278274536133
2015-05-22,51.019020080566406
2015-05-26,50.63026428222656
2015-05-27,51.12739181518555
2015-05-28,51.025421142578125
2015-05-29,50.439048767089844
2015-06-01,51.05729293823242
2015-06-02,50.58564376831055
2015-06-03,49.85907745361328
2015-06-04,49.76347732543945
2015-06-05,49.20900344848633
2015-06-08,49.11977767944336
2015-06-09,48.76284408569336
2015-06-10,49.107032775878906
2015-06-11,49.406558990478516
2015-06-12,49.36195373535156
2015-06-15,49.09427261352539
2015-06-16,49.48942565917969
2015-06-17,49.910064697265625
2015-06-18,50.598384857177734
2015-06-19,50.209598541259766
2015-06-22,49.69338607788086
2015-06-23,49.27909851074219
2015-06-24,49.01141357421875
2015-06-25,48.51430130004883
2015-06-26,48.863224029541016
2015-06-29,48.10354995727539
2015-06-30,48.08423614501953
2015-07-01,48.87609100341797
2015-07-02,48.99842071533203
2015-07-06,49.30742263793945
2015-07-07,50.07997512817383
2015-07-08,49.886837005615234
2015-07-09,49.64862823486328
2015-07-10,50.06064987182617
2015-07-13,50.13147735595703
2015-07-14,50.2344856262207
2015-07-15,50.31817626953125
2015-07-16,50.72374725341797
2015-07-17,50.543487548828125
2015-07-20,50.601444244384766
2015-07-21,50.45979690551758
2015-07-22,50.678680419921875
2015-07-23,50.047760009765625
2015-07-24,50.26023864746094
2015-07-27,50.35035705566406
2015-07-28,50.382537841796875
2015-07-29,50.71089553833008
2015-07-30,50.45979690551758
2015-07-31,50.85895538330078
2015-08-03,51.17441177368164
2015-08-04,50.80101776123047
2015-08-05,50.466251373291016
2015-08-06,50.53705978393555
2015-08-07,50.72374725341797
2015-08-10,50.56281661987305
2015-08-11,50.89756393432617
2015-08-12,51.058536529541016
2015-08-13,51.1164665222168
2015-08-14,51.39330291748047
2015-08-17,51.83106994628906
2015-08-18,51.97268295288086
2015-08-19,51.663700103759766
2015-08-20,51.283870697021484
2015-08-21,50.331050872802734
2015-08-24,47.974815368652344
2015-08-25,46.65503692626953
2015-08-26,47.91686248779297
2015-08-27,48.84391403198242
2015-08-28,48.77309036254883
2015-08-31,47.65936279296875
2015-09-01,46.751609802246094
2015-09-02,47.23444366455078
2015-09-03,47.363216400146484
2015-09-04,46.48121643066406
2015-09-08,47.18294906616211
2015-09-09,46.64215850830078
2015-09-10,46.745174407958984
2015-09-11,47.64002227783203
2015-09-14,47.665767669677734
2015-09-15,48.1357421875
2015-09-16,48.65077209472656
2015-09-17,49.20442199707031
2015-09-18,49.12073516845703
2015-09-21,49.5391960144043
2015-09-22,48.91472625732422
2015-09-23,49.22163772583008
2015-09-24,48.75996780395508
2015-09-25,48.95503616333008
2015-09-28,48.19426727294922
2015-09-29,48.70795822143555
2015-09-30,49.11757278442383
2015-10-01,49.35816955566406
2015-10-02,49.71579360961914
2015-10-05,50.55458068847656
2015-10-06,50.437557220458984
2015-10-07,51.0162353515625
2015-10-08,51.445377349853516
2015-10-09,51.36083984375
2015-10-12,51.724979400634766
2015-10-13,51.32183837890625
2015-10-14,50.93821334838867
2015-10-15,51.63393020629883
2015-10-16,52.02408981323242
2015-10-19,52.752323150634766
2015-10-20,52.73280334472656
2015-10-21,52.53774642944336
2015-10-22,52.99942398071289
2015-10-23,52.48573684692383
2015-10-26,52.472721099853516
2015-10-27,52.453224182128906
2015-10-28,52.49872589111328
2015-10-29,52.42720413208008
2015-10-30,51.94605255126953
2015-11-02,53.05142593383789
2015-11-03,52.518245697021484
2015-11-04,52.28416442871094
2015-11-05,52.49223327636719
2015-11-06,50.86017990112305
2015-11-09,49.98887634277344
2015-11-10,50.56108474731445
2015-11-11,50.61959457397461
2015-11-12,50.274993896484375
2015-11-13,49.70280838012695
2015-11-16,50.274993896484375
2015-11-17,50.274993896484375
2015-11-18,50.71713638305664
2015-11-19,50.87317657470703
2015-11-20,51.51039505004883
2015-11-23,51.620948791503906
2015-11-24,51.34784698486328
2015-11-25,51.55591583251953
2015-11-27,52.00456619262695
2015-11-30,51.620948791503906
2015-12-01,52.336181640625
2015-12-02,51.26982498168945
2015-12-03,50.46354675292969
2015-12-04,51.42588424682617
2015-12-07,51.282833099365234
2015-12-08,51.237308502197266
2015-12-09,50.951202392578125
2015-12-10,50.58708572387695
2015-12-11,50.49604797363281
2015-12-14,50.73012924194336
2015-12-15,51.282833099365234
2015-12-16,52.28416442871094
2015-12-17,52.02408981323242
2015-12-18,51.41938018798828
2015-12-21,51.620948791503906
2015-12-22,51.82901382446289
2015-12-23,52.36172866821289
2015-12-24,52.36172866821289
2015-12-28,52.651824951171875
2015-12-29,53.212223052978516
2015-12-30,53.02761459350586
2015-12-31,52.56610870361328
2016-01-04,51.933189392089844
2016-01-05,52.9353141784668
2016-01-06,52.790279388427734
2016-01-07,51.761749267578125
2016-01-08,51.069496154785156
2016-01-11,51.359596252441406
2016-01-12,51.016746520996094
2016-01-13,50.2849235534668
2016-01-14,50.166255950927734
2016-01-15,49.823402404785156
2016-01-19,50.087127685546875
2016-01-20,48.74215316772461
2016-01-21,49.012481689453125
2016-01-22,50.377220153808594
2016-01-25,50.0607795715332
2016-01-26,51.10905456542969
2016-01-27,50.1201057434082
2016-01-28,49.737701416015625
2016-01-29,50.75962448120117
2016-02-01,50.845333099365234
2016-02-02,50.38383102416992
2016-02-03,50.720054626464844
2016-02-04,50.746429443359375
2016-02-05,49.78386306762695
2016-02-08,48.359764099121094
2016-02-09,47.46971130371094
2016-02-10,47.79936599731445
2016-02-11,47.12028121948242
2016-02-12,47.66089630126953
2016-02-16,48.53776931762695
2016-02-17,48.95313262939453
2016-02-18,49.44760513305664
2016-02-19,49.731117248535156
2016-02-22,50.20582962036133
2016-02-23,50.07395935058594
2016-02-24,50.01460647583008
2016-02-25,51.03654098510742
2016-02-26,50.77281188964844
2016-02-29,50.575035095214844
2016-03-01,51.99911117553711
2016-03-02,52.37491989135742
2016-03-03,52.651824951171875
2016-03-04,52.658424377441406
2016-03-07,52.796852111816406
2016-03-08,52.25624465942383
2016-03-09,52.546329498291016
2016-03-10,52.355125427246094
2016-03-11,53.5286979675293
2016-03-14,53.535274505615234
2016-03-15,53.5616455078125
2016-03-16,54.207767486572266
2016-03-17,54.972564697265625
2016-03-18,54.73520278930664
2016-03-21,54.24119186401367
2016-03-22,54.24119186401367
2016-03-23,53.9478759765625
2016-03-24,53.96786117553711
2016-03-28,54.45453643798828
2016-03-29,55.63456344604492
2016-03-30,55.52790069580078
2016-03-31,55.8679084777832
2016-04-01,55.7945671081543
2016-04-04,55.71455764770508
2016-04-05,55.34788131713867
2016-04-06,55.48124313354492
2016-04-07,55.13453674316406
2016-04-08,55.44123458862305
2016-04-11,55.32788848876953
2016-04-12,55.72789764404297
2016-04-13,55.48124313354492
2016-04-14,55.17455291748047
2016-04-15,55.58789825439453
2016-04-18,55.85456085205078
2016-04-19,55.881229400634766
2016-04-20,54.93455123901367
2016-04-21,53.95451354980469
2016-04-22,54.54119110107422
2016-04-25,54.99454879760742
2016-04-26,55.207889556884766
2016-04-27,55.17455291748047
2016-04-28,55.06122970581055
2016-04-29,54.55455017089844
2016-05-02,55.40121841430664
2016-05-03,55.487876892089844
2016-05-04,56.281219482421875
2016-05-05,56.441246032714844
2016-05-06,57.06123733520508
2016-05-09,57.68793487548828
2016-05-10,57.6812629699707
2016-05-11,56.447914123535156
2016-05-12,56.77458953857422
2016-05-13,56.26791763305664
2016-05-16,56.801265716552734
2016-05-17,55.74789047241211
2016-05-18,54.87453842163086
2016-05-19,54.26118087768555
2016-05-20,54.69453811645508
2016-05-23,54.70120620727539
2016-05-24,55.3812370300293
2016-05-25,55.3812370300293
2016-05-26,55.487876892089844
2016-05-27,55.78789138793945
2016-05-31,55.78124237060547
2016-06-01,55.82789611816406
2016-06-02,56.114559173583984
2016-06-03,56.34125900268555
2016-06-06,55.907894134521484
2016-06-07,56.247920989990234
2016-06-08,56.60793685913086
2016-06-09,56.73458480834961
2016-06-10,56.46792221069336
2016-06-13,56.48124313354492
2016-06-14,56.33457565307617
2016-06-15,56.86792755126953
2016-06-16,57.18793487548828
2016-06-17,57.0945930480957
2016-06-20,57.17460250854492
2016-06-21,57.39252471923828
2016-06-22,57.305091857910156
2016-06-23,57.59433364868164
2016-06-24,57.08311462402344
2016-06-27,57.12347412109375
2016-06-28,58.32756042480469
2016-06-29,59.03385925292969
2016-06-30,59.64598846435547
2016-07-01,59.66620635986328
2016-07-05,60.32540512084961
2016-07-06,60.063053131103516
2016-07-07,59.444210052490234
2016-07-08,60.406097412109375
2016-07-11,60.80970764160156
2016-07-12,60.80299377441406
2016-07-13,61.139347076416016
2016-07-14,60.5944709777832
2016-07-15,60.61464309692383
2016-07-18,60.77607345581055
2016-07-19,61.07208251953125
2016-07-20,61.07878875732422
2016-07-21,61.19989776611328
2016-07-22,61.73802947998047
2016-07-25,61.6236572265625
2016-07-26,61.320980072021484
2016-07-27,60.84336853027344
2016-07-28,61.408409118652344
2016-07-29,62.188716888427734
2016-08-01,62.323238372802734
2016-08-02,61.327701568603516
2016-08-03,60.97115707397461
2016-08-04,60.722286224365234
2016-08-05,60.76263427734375
2016-08-08,60.8702507019043
2016-08-09,61.19989776611328
2016-08-10,61.132606506347656
2016-08-11,60.439754486083984
2016-08-12,60.69540786743164
2016-08-15,60.63483428955078
2016-08-16,59.9083366394043
2016-08-17,60.15048599243164
2016-08-18,59.92852783203125
2016-08-19,59.54508972167969
2016-08-22,59.86796188354492
2016-08-23,59.9015998840332
2016-08-24,59.63927459716797
2016-08-25,59.9083366394043
2016-08-26,59.316383361816406
2016-08-29,59.9015998840332
2016-08-30,59.78725051879883
2016-08-31,59.84782028198242
2016-09-01,59.699798583984375
2016-09-02,60.217769622802734
2016-09-06,60.68193817138672
2016-09-07,61.04515838623047
2016-09-08,60.298492431640625
2016-09-09,57.9105110168457
2016-09-12,58.59661865234375
2016-09-13,57.125484466552734
2016-09-14,57.308345794677734
2016-09-15,57.52510070800781
2016-09-16,57.55219268798828
2016-09-19,58.073734283447266
2016-09-20,57.98568344116211
2016-09-21,58.73073959350586
2016-09-22,59.780601501464844
2016-09-23,59.963462829589844
2016-09-26,60.105709075927734
2016-09-27,59.46903991699219
2016-09-28,59.956687927246094
2016-09-29,59.15745162963867
2016-09-30,58.751033782958984
2016-10-03,57.653812408447266
2016-10-04,56.86811447143555
2016-10-05,55.71666717529297
2016-10-06,55.736968994140625
2016-10-07,55.642154693603516
2016-10-10,55.98756790161133
2016-10-11,55.44573211669922
2016-10-12,56.082401275634766
2016-10-13,56.52265930175781
2016-10-14,56.272056579589844
2016-10-17,56.39398193359375
2016-10-18,56.752960205078125
2016-10-19,56.8748779296875
2016-10-20,56.746185302734375
2016-10-21,56.53620910644531
2016-10-24,56.66490173339844
2016-10-25,56.56331253051758
2016-10-26,55.825035095214844
2016-10-27,54.36201477050781
2016-10-28,54.49067687988281
2016-10-31,55.37799072265625
2016-11-01,54.17234802246094
2016-11-02,53.3798713684082
2016-11-03,52.96672058105469
2016-11-04,53.386661529541016
2016-11-07,54.32136917114258
2016-11-08,54.605838775634766
2016-11-09,53.77949905395508
2016-11-10,52.878665924072266
2016-11-11,53.19700622558594
2016-11-14,54.45684051513672
2016-11-15,54.003013610839844
2016-11-16,53.84724044799805
2016-11-17,53.29860305786133
2016-11-18,53.45439529418945
2016-11-21,53.29184341430664
2016-11-22,54.22652053833008
2016-11-23,53.996246337890625
2016-11-25,54.30781936645508
2016-11-28,54.55842208862305
2016-11-29,55.079978942871094
2016-11-30,54.45005416870117
2016-12-01,53.65081024169922
2016-12-02,54.185890197753906
2016-12-05,54.58552169799805
2016-12-06,54.93772506713867
2016-12-07,56.03498077392578
2016-12-08,56.42107009887695
2016-12-09,56.36009979248047
2016-12-12,56.73263931274414
2016-12-13,56.70555114746094
2016-12-14,55.46604537963867
2016-12-15,55.140926361083984
2016-12-16,55.967254638671875
2016-12-19,56.570068359375
2016-12-20,56.698768615722656
2016-12-21,55.83857727050781
2016-12-22,55.74520492553711
2016-12-23,55.89043426513672
2016-12-27,56.00798034667969
2016-12-28,55.66912841796875
2016-12-29,56.36068344116211
2016-12-30,57.072967529296875
2017-01-03,57.259681701660156
2017-01-04,58.09645462036133
2017-01-05,58.28316116333008
2017-01-06,58.290077209472656
2017-01-09,57.764488220214844
2017-01-10,57.27350997924805
2017-01-11,56.920814514160156
2017-01-12,57.21126174926758
2017-01-13,57.12828826904297
2017-01-17,57.57087326049805
2017-01-18,57.66769027709961
2017-01-19,57.079872131347656
2017-01-20,57.494815826416016
2017-01-23,57.97889709472656
2017-01-24,57.99271774291992
2017-01-25,57.61236572265625
2017-01-26,57.50171661376953
2017-01-27,56.94158935546875
2017-01-30,56.5543212890625
2017-01-31,56.96232604980469
2017-02-01,56.277679443359375
2017-02-02,56.9484977722168
2017-02-03,57.259681701660156
2017-02-06,57.16285705566406
2017-02-07,56.96232604980469
2017-02-08,57.41180419921875
2017-02-09,57.550132751464844
2017-02-10,57.95814895629883
2017-02-13,57.97889709472656
2017-02-14,57.67461395263672
2017-02-15,57.48096466064453
2017-02-16,57.8198356628418
2017-02-17,57.93046951293945
2017-02-21,58.67043685913086
2017-02-22,58.47679901123047
2017-02-23,58.78107452392578
2017-02-24,59.05769348144531
2017-02-27,59.368896484375
2017-02-28,58.96088409423828
2017-03-01,58.78107452392578
2017-03-02,58.46296691894531
2017-03-03,58.23476028442383
2017-03-06,57.971981048583984
2017-03-07,57.69536590576172
2017-03-08,56.6303825378418
2017-03-09,55.77978515625
2017-03-10,55.60688781738281
2017-03-13,55.74520492553711
2017-03-14,55.731388092041016
2017-03-15,56.85859298706055
2017-03-16,56.74793243408203
2017-03-17,57.01073455810547
2017-03-20,56.96232604980469
2017-03-21,56.7133674621582
2017-03-22,56.6820068359375
2017-03-23,57.099971771240234
2017-03-24,57.03726577758789
2017-03-27,56.52180480957031
2017-03-28,56.7656135559082
2017-03-29,57.08604431152344
2017-03-30,57.19050979614258
2017-03-31,57.53186798095703
2017-04-03,57.69905471801758
2017-04-04,57.69905471801758
2017-04-05,57.782649993896484
2017-04-06,58.08914566040039
2017-04-07,58.17273712158203
2017-04-10,58.534976959228516
2017-04-11,58.93898010253906
2017-04-12,58.83452224731445
2017-04-13,58.70215606689453
2017-04-17,59.41267395019531
2017-04-18,59.5728874206543
2017-04-19,59.48929977416992
2017-04-20,59.49627685546875
2017-04-21,59.28031921386719
2017-04-24,58.62552261352539
2017-04-25,58.86934280395508
2017-04-26,58.43045425415039
2017-04-27,58.27722930908203
2017-04-28,57.671180725097656
2017-05-01,58.01251220703125
2017-05-02,57.91499328613281
2017-05-03,57.14178466796875
2017-05-04,56.863128662109375
2017-05-05,57.3995361328125
2017-05-08,56.995487213134766
2017-05-09,56.68896484375
2017-05-10,57.13481521606445
2017-05-11,56.84918975830078
2017-05-12,56.619319915771484
2017-05-15,56.7865104675293
2017-05-16,56.403385162353516
2017-05-17,56.63327407836914
2017-05-18,56.946712493896484
2017-05-19,57.253238677978516
2017-05-22,57.47613525390625
2017-05-23,57.52492141723633
2017-05-24,57.991615295410156
2017-05-25,57.998600006103516
2017-05-26,57.580623626708984
2017-05-30,57.21839904785156
2017-05-31,57.253238677978516
2017-06-01,57.55275344848633
2017-06-02,58.144866943359375
2017-06-05,57.894107818603516
2017-06-06,57.6154670715332
2017-06-07,58.01948165893555
2017-06-08,57.88018035888672
2017-06-09,58.28419494628906
2017-06-12,58.80663299560547
2017-06-13,58.93898010253906
2017-06-14,59.022579193115234
2017-06-15,59.32209777832031
2017-06-16,59.16887283325195
2017-06-19,59.17584991455078
2017-06-20,59.03651809692383
2017-06-21,58.91809844970703
2017-06-22,58.973812103271484
2017-06-23,59.1784553527832
2017-06-26,59.60041427612305
2017-06-27,59.06594467163086
2017-06-28,59.20660400390625
2017-06-29,58.53147506713867
2017-06-30,58.53147506713867
2017-07-03,59.27693176269531
2017-07-05,58.44004821777344
2017-07-06,57.34299850463867
2017-07-07,57.66648864746094
2017-07-10,57.1390266418457
2017-07-11,57.07575225830078
2017-07-12,57.77900314331055
2017-07-13,57.870426177978516
2017-07-14,58.42598342895508
2017-07-17,58.897159576416016
2017-07-18,58.77058029174805
2017-07-19,59.21363830566406
2017-07-20,58.93937683105469
2017-07-21,58.897159576416016
2017-07-24,58.78463363647461
2017-07-25,58.86199951171875
2017-07-26,59.269874572753906
2017-07-27,59.34019470214844
2017-07-28,59.1784553527832
2017-07-31,59.25581741333008
2017-08-01,59.52306365966797
2017-08-02,58.981544494628906
2017-08-03,58.86199951171875
2017-08-04,59.058921813964844
2017-08-07,58.995628356933594
2017-08-08,58.71430206298828
2017-08-09,58.517425537109375
2017-08-10,58.095462799072266
2017-08-11,57.73678970336914
2017-08-14,58.70024490356445
2017-08-15,58.52444076538086
2017-08-16,58.75652313232422
2017-08-17,58.39082717895508
2017-08-18,57.80010986328125
2017-08-21,58.41897201538086
2017-08-22,58.250186920166016
2017-08-23,58.84794616699219
2017-08-24,58.66508865356445
2017-08-25,58.9464111328125
2017-08-28,58.49631118774414
2017-08-29,58.43303298950195
2017-08-30,58.76354217529297
2017-08-31,59.10111999511719
2017-09-01,59.305049896240234
2017-09-05,59.14330291748047
2017-09-06,59.29800033569336
2017-09-07,59.67778778076172
2017-09-08,59.72700119018555
2017-09-11,60.27552032470703
2017-09-12,59.56525802612305
2017-09-13,59.41054916381836
2017-09-14,59.902809143066406
2017-09-15,60.01533126831055
2017-09-18,59.69183349609375
2017-09-19,59.29800033569336
2017-09-20,59.136268615722656
2017-09-21,59.02375030517578
2017-09-22,58.607418060302734
2017-09-25,58.94844055175781
2017-09-26,59.047908782958984
2017-09-27,58.515045166015625
2017-09-28,58.91292190551758
2017-09-29,59.03371810913086
2017-10-02,58.94844055175781
2017-10-03,58.86317825317383
2017-10-04,59.161590576171875
2017-10-05,59.37472915649414
2017-10-06,59.182891845703125
2017-10-09,59.32497787475586
2017-10-10,59.50261306762695
2017-10-11,59.70156478881836
2017-10-12,60.08519744873047
2017-10-13,60.24151611328125
2017-10-16,59.9431037902832
2017-10-17,60.014156341552734
2017-10-18,59.95020294189453
2017-10-19,59.772605895996094
2017-10-20,59.43156433105469
2017-10-23,59.20423126220703
2017-10-24,58.84899139404297
2017-10-25,58.67848587036133
2017-10-26,58.195343017578125
2017-10-27,58.45822525024414
2017-10-30,58.408470153808594
2017-10-31,58.4013671875
2017-11-01,58.68557357788086
2017-11-02,59.182891845703125
2017-11-03,59.03371810913086
2017-11-06,59.43156433105469
2017-11-07,59.91469192504883
2017-11-08,60.21309280395508
2017-11-09,60.27705001831055
2017-11-10,60.34098434448242
2017-11-13,60.646488189697266
2017-11-14,60.51860046386719
2017-11-15,59.90758514404297
2017-11-16,60.4049072265625
2017-11-17,60.14205551147461
2017-11-20,59.96443557739258
2017-11-21,60.412025451660156
2017-11-22,60.27705001831055
2017-11-24,60.35519027709961
2017-11-27,60.071006774902344
2017-11-28,59.8436393737793
2017-11-29,59.86495590209961
2017-11-30,59.95730972290039
2017-12-01,60.099430084228516
2017-12-04,59.800994873046875
2017-12-05,59.303672790527344
2017-12-06,59.246856689453125
2017-12-07,59.39604949951172
2017-12-08,59.70156478881836
2017-12-11,59.6944465637207
2017-12-12,59.98573684692383
2017-12-13,60.08519744873047
2017-12-14,60.071006774902344
2017-12-15,60.44755554199219
2017-12-18,60.84542465209961
2017-12-19,59.5523567199707
2017-12-20,58.86317825317383
2017-12-21,58.635196685791016
2017-12-22,59.03923416137695
2017-12-26,59.33502197265625
2017-12-27,59.529842376708984
2017-12-28,59.847293853759766
2017-12-29,59.86893081665039
2018-01-02,59.64527130126953
2018-01-03,59.47211837768555
2018-01-04,58.44758987426758
2018-01-05,58.47649002075195
2018-01-08,58.77948760986328
2018-01-09,58.02193069458008
2018-01-10,57.37259292602539
2018-01-11,57.17778778076172
2018-01-12,56.71603775024414
2018-01-16,56.82426452636719
2018-01-17,57.22108840942383
2018-01-18,56.48514938354492
2018-01-19,56.7881965637207
2018-01-22,57.307647705078125
2018-01-23,58.101287841796875
2018-01-24,57.79827117919922
2018-01-25,57.69725799560547
2018-01-26,57.4952392578125
2018-01-29,56.723243713378906
2018-01-30,56.31201934814453
2018-01-31,57.32209396362305
2018-02-01,56.088348388671875
2018-02-02,55.61217498779297
2018-02-05,53.959964752197266
2018-02-06,53.96717071533203
2018-02-07,53.73630905151367
2018-02-08,52.19231414794922
2018-02-09,53.498207092285156
2018-02-12,53.519859313964844
2018-02-13,53.89503479003906
2018-02-14,53.50543975830078
2018-02-15,54.0248908996582
2018-02-16,54.320701599121094
2018-02-20,53.67860412597656
2018-02-21,52.618011474609375
2018-02-22,53.21683120727539
2018-02-23,54.06818771362305
2018-02-26,54.21970748901367
2018-02-27,52.957115173339844
2018-02-28,52.92102813720703
2018-03-01,52.97151565551758
2018-03-02,52.949886322021484
2018-03-05,53.5487174987793
2018-03-06,53.80123519897461
2018-03-07,54.13311767578125
2018-03-08,54.234130859375
2018-03-09,54.52995300292969
2018-03-12,54.76800537109375
2018-03-13,54.81852722167969
2018-03-14,54.8690299987793
2018-03-15,54.85459518432617
2018-03-16,55.23701477050781
2018-03-19,54.76080322265625
2018-03-20,54.5732307434082
2018-03-21,54.16920852661133
2018-03-22,53.851741790771484
2018-03-23,52.89215850830078
2018-03-26,53.49388885498047
2018-03-27,53.69788360595703
2018-03-28,55.04560852050781
2018-03-29,54.98004150390625
2018-04-02,54.23698425292969
2018-04-03,54.69594955444336
2018-04-04,55.271453857421875
2018-04-05,55.24959182739258
2018-04-06,54.834354400634766
2018-04-09,54.65950393676758
2018-04-10,54.60123062133789
2018-04-11,54.71780014038086
2018-04-12,54.1058464050293
2018-04-13,54.38994216918945
2018-04-16,54.725067138671875
2018-04-17,55.36616134643555
2018-04-18,55.24959182739258
2018-04-19,54.44823455810547
2018-04-20,53.94557189941406
2018-04-23,53.90186309814453
2018-04-24,54.1058464050293
2018-04-25,54.00385665893555
2018-04-26,54.71048355102539
2018-04-27,55.6502685546875
2018-04-30,55.43171310424805
2018-05-01,55.93438720703125
2018-05-02,55.73041534423828
2018-05-03,55.6939697265625
2018-05-04,56.30592727661133
2018-05-07,56.68473434448242
2018-05-08,56.400638580322266
2018-05-09,56.77945327758789
2018-05-10,57.22384262084961
2018-05-11,57.027137756347656
2018-05-14,56.53904342651367
2018-05-15,55.62110900878906
2018-05-16,55.45356369018555
2018-05-17,55.17673873901367
2018-05-18,55.24959182739258
2018-05-21,55.905242919921875
2018-05-22,55.985374450683594
2018-05-23,56.54633331298828
2018-05-24,56.42977523803711
2018-05-25,56.62646484375
2018-05-29,56.896018981933594
2018-05-30,57.668212890625
2018-05-31,57.47153091430664
2018-06-01,57.72650146484375
2018-06-04,58.22917556762695
2018-06-05,58.076171875
2018-06-06,58.21461868286133
2018-06-07,58.21461868286133
2018-06-08,58.42586135864258
2018-06-11,58.338443756103516
2018-06-12,58.688133239746094
2018-06-13,57.544368743896484
2018-06-14,58.090763092041016
2018-06-15,58.054317474365234
2018-06-18,58.070499420166016
2018-06-19,58.01169204711914
2018-06-20,58.65871810913086
2018-06-21,58.938106536865234
2018-06-22,59.40130615234375
2018-06-25,59.246917724609375
2018-06-26,59.438072204589844
2018-06-27,59.21013641357422
2018-06-28,59.73952865600586
2018-06-29,59.886600494384766
2018-07-02,59.55571746826172
2018-07-03,60.00422668457031
2018-07-05,60.71744155883789
2018-07-06,61.04092788696289
2018-07-09,60.5556755065918
2018-07-10,60.68067169189453
2018-07-11,60.48215866088867
2018-07-12,60.665958404541016
2018-07-13,60.48215866088867
2018-07-16,60.158653259277344
2018-07-17,59.76157760620117
2018-07-18,59.496910095214844
2018-07-19,60.195411682128906
2018-07-20,59.61455154418945
2018-07-23,59.48955154418945
2018-07-24,59.188072204589844
2018-07-25,59.658668518066406
2018-07-26,59.85719299316406
2018-07-27,59.217498779296875
2018-07-30,59.2542724609375
2018-07-31,60.24687194824219
2018-08-01,60.673316955566406
2018-08-02,60.43067169189453
2018-08-03,61.085052490234375
2018-08-06,61.004173278808594
2018-08-07,60.89389419555664
2018-08-08,60.54095458984375
2018-08-09,60.57035827636719
2018-08-10,60.107177734375
2018-08-13,59.98953628540039
2018-08-14,60.28362274169922
2018-08-15,60.74684524536133
2018-08-16,61.23944854736328
2018-08-17,61.80560302734375
2018-08-20,61.849708557128906
2018-08-21,61.47474670410156
2018-08-22,61.12915802001953
2018-08-23,60.97478103637695
2018-08-24,61.33502197265625
2018-08-27,61.11446762084961
2018-08-28,61.93793487548828
2018-08-29,61.952659606933594
2018-08-30,61.55561065673828
2018-08-31,61.79824447631836
2018-09-04,61.06300354003906
2018-09-05,61.415924072265625
2018-09-06,61.592376708984375
2018-09-07,60.92329025268555
2018-09-10,61.195343017578125
2018-09-11,61.187992095947266
2018-09-12,61.21741485595703
2018-09-13,61.518856048583984
2018-09-14,61.12915802001953
2018-09-17,61.327693939208984
2018-09-18,61.033592224121094
2018-09-19,60.320396423339844
2018-09-20,60.88654327392578
2018-09-21,60.864463806152344
2018-09-24,59.771507263183594
2018-09-25,59.77894592285156
2018-09-26,59.06321716308594
2018-09-27,59.34651565551758
2018-09-28,60.15171432495117
2018-10-01,59.59255599975586
2018-10-02,59.458343505859375
2018-10-03,58.82463073730469
2018-10-04,58.332550048828125
2018-10-05,58.302734375
2018-10-08,59.145233154296875
2018-10-09,59.22723388671875
2018-10-10,58.34746170043945
2018-10-11,56.67741394042969
2018-10-12,56.5283088684082
2018-10-15,56.90854263305664
2018-10-16,58.07907485961914
2018-10-17,57.85538864135742
2018-10-18,57.743568420410156
2018-10-19,58.24308776855469
2018-10-22,57.43043899536133
2018-10-23,57.68393325805664
2018-10-24,58.22816848754883
2018-10-25,58.97372817993164
2018-10-26,57.557167053222656
2018-10-29,58.287811279296875
2018-10-30,59.085567474365234
2018-10-31,58.392208099365234
2018-11-01,58.668060302734375
2018-11-02,58.183448791503906
2018-11-05,59.04829406738281
2018-11-06,59.34651565551758
2018-11-07,60.054805755615234
2018-11-08,60.099544525146484
2018-11-09,60.092079162597656
2018-11-12,60.21137237548828
2018-11-13,60.15171432495117
2018-11-14,60.00259780883789
2018-11-15,59.59255599975586
2018-11-16,60.23373031616211
2018-11-19,60.31575393676758
2018-11-20,59.69694137573242
2018-11-21,59.749122619628906
2018-11-23,59.62982940673828
2018-11-26,59.741676330566406
2018-11-27,59.995155334472656
2018-11-28,60.53196334838867
2018-11-29,60.5468635559082
2018-11-30,61.1209716796875
2018-12-03,61.44898986816406
2018-12-04,60.53940200805664
2018-12-06,62.03798294067383
2018-12-07,61.225337982177734
2018-12-10,60.83018112182617
2018-12-11,60.859989166259766
2018-12-12,59.920597076416016
2018-12-13,60.266902923583984
2018-12-14,60.09337615966797
2018-12-17,57.82997131347656
2018-12-18,58.42599105834961
2018-12-19,57.784698486328125
2018-12-20,56.917057037353516
2018-12-21,56.12486267089844
2018-12-24,54.12552261352539
2018-12-26,55.936248779296875
2018-12-27,55.928707122802734
2018-12-28,56.10979080200195
2018-12-31,56.260658264160156
2019-01-02,55.038429260253906
2019-01-03,55.42320251464844
2019-01-04,56.072059631347656
2019-01-07,56.62283706665039
2019-01-08,57.79224395751953
2019-01-09,57.709251403808594
2019-01-10,58.493896484375
2019-01-11,58.659873962402344
2019-01-14,58.46371078491211
2019-01-15,59.02202224731445
2019-01-16,59.436973571777344
2019-01-17,59.723670959472656
2019-01-18,59.92738342285156
2019-01-22,59.746307373046875
2019-01-23,59.75386047363281
2019-01-24,59.957576751708984
2019-01-25,60.704498291015625
2019-01-28,61.30052185058594
2019-01-29,61.78337860107422
2019-01-30,62.281341552734375
2019-01-31,62.93019104003906
2019-02-01,62.53029251098633
2019-02-04,62.99806213378906
2019-02-05,63.36021041870117
2019-02-06,62.94527053833008
2019-02-07,63.4658088684082
2019-02-08,63.4658088684082
2019-02-11,63.63936233520508
2019-02-12,63.239498138427734
2019-02-13,63.56391143798828
2019-02-14,63.767635345458984
2019-02-15,64.19767761230469
2019-02-19,64.18257904052734
2019-02-20,63.7827033996582
2019-02-21,63.84307861328125
2019-02-22,64.22029876708984
2019-02-25,63.71480178833008
2019-02-26,63.5186653137207
2019-02-27,63.20177459716797
2019-02-28,63.36775207519531
2019-03-01,63.17161178588867
2019-03-04,63.45831298828125
2019-03-05,63.63182830810547
2019-03-06,63.33759307861328
2019-03-07,63.20177459716797
2019-03-08,63.269691467285156
2019-03-11,64.19767761230469
2019-03-12,64.4919204711914
2019-03-13,64.80880737304688
2019-03-14,64.9068603515625
2019-03-15,64.70317840576172
2019-03-18,64.37875366210938
2019-03-19,64.18257904052734
2019-03-20,64.37875366210938
2019-03-21,65.52554321289062
2019-03-22,65.05021667480469
2019-03-25,65.1332015991211
2019-03-26,65.65379333496094
2019-03-27,65.4651870727539
2019-03-28,66.10041046142578
2019-03-29,66.03961181640625
2019-04-01,66.00162506103516
2019-04-02,66.46514892578125
2019-04-03,66.38916778564453
2019-04-04,66.28279113769531
2019-04-05,66.74630737304688
2019-04-08,66.37397766113281
2019-04-09,66.02444458007812
2019-04-10,66.63233947753906
2019-04-11,66.58672332763672
2019-04-12,66.90587615966797
2019-04-15,66.56393432617188
2019-04-16,65.05941009521484
2019-04-17,64.46672821044922
2019-04-18,64.96063232421875
2019-04-22,64.24638366699219
2019-04-23,65.0973892211914
2019-04-24,65.57613372802734
2019-04-25,65.43934631347656
2019-04-26,65.9560546875
2019-04-29,65.3101577758789
2019-04-30,65.93325805664062
2019-05-01,65.9864501953125
2019-05-02,66.05482482910156
2019-05-03,66.61712646484375
2019-05-06,66.40438842773438
2019-05-07,65.20378875732422
2019-05-08,65.13539123535156
2019-05-09,65.30258178710938
2019-05-10,66.00162506103516
2019-05-13,65.93325805664062
2019-05-14,66.1764144897461
2019-05-15,66.62472534179688
2019-05-16,66.89069366455078
2019-05-17,66.76148223876953
2019-05-20,65.79649353027344
2019-05-21,66.3587875366211
2019-05-22,66.55634307861328
2019-05-23,66.70832061767578
2019-05-24,66.91348266601562
2019-05-28,66.25238800048828
2019-05-29,65.37094116210938
2019-05-30,65.64448547363281
2019-05-31,66.02444458007812
2019-06-03,66.18402099609375
2019-06-04,65.8876724243164
2019-06-05,67.26301574707031
2019-06-06,67.3922119140625
2019-06-07,67.64295196533203
2019-06-10,67.4225845336914
2019-06-11,67.60494232177734
2019-06-12,67.83290100097656
2019-06-13,68.12165832519531
2019-06-14,68.15966033935547
2019-06-17,68.88912200927734
2019-06-18,68.82073211669922
2019-06-19,69.19306182861328
2019-06-20,69.54258728027344
2019-06-21,68.56236267089844
2019-06-24,68.3268051147461
2019-06-25,67.31620788574219
2019-06-26,65.97124481201172
2019-06-27,66.82051849365234
2019-06-28,67.05065155029297
2019-07-01,67.01997375488281
2019-07-02,68.1860580444336
2019-07-03,68.999267578125
2019-07-05,68.7537841796875
2019-07-08,68.999267578125
2019-07-09,69.22940826416016
2019-07-10,69.62835693359375
2019-07-11,68.72309112548828
2019-07-12,68.63102722167969
2019-07-15,68.57731628417969
2019-07-16,68.41622924804688
2019-07-17,68.1860580444336
2019-07-18,68.1860580444336
2019-07-19,67.07368469238281
2019-07-22,67.01229858398438
2019-07-23,67.77181243896484
2019-07-24,67.82550048828125
2019-07-25,67.42656707763672
2019-07-26,67.73341369628906
2019-07-29,67.91756439208984
2019-07-30,68.46224212646484
2019-07-31,68.19373321533203
2019-08-01,68.19373321533203
2019-08-02,68.52361297607422
2019-08-05,67.17341613769531
2019-08-06,67.91756439208984
2019-08-07,68.57731628417969
2019-08-08,69.7817611694336
2019-08-09,69.69740295410156
2019-08-12,69.5132827758789
2019-08-13,69.61300659179688
2019-08-14,68.55433654785156
2019-08-15,69.23709106445312
2019-08-16,69.95055389404297
2019-08-19,70.45690155029297
2019-08-20,69.95824432373047
2019-08-21,70.249755859375
2019-08-22,70.57199096679688
2019-08-23,69.58232879638672
2019-08-26,70.11933898925781
2019-08-27,69.91986083984375
2019-08-28,70.15003204345703
2019-08-29,70.6947250366211
2019-08-30,70.74840545654297
2019-09-03,71.45421600341797
2019-09-04,72.0526123046875
2019-09-05,71.53093719482422
2019-09-06,71.6920394897461
2019-09-09,71.34681701660156
2019-09-10,70.61033630371094
2019-09-11,70.68702697753906
2019-09-12,71.06294250488281
2019-09-13,70.30343627929688
2019-09-16,70.91719818115234
2019-09-17,71.68435668945312
2019-09-18,71.43887329101562
2019-09-19,71.6920394897461
2019-09-20,71.6920394897461
2019-09-23,71.80712890625
2019-09-24,71.6478271484375
2019-09-25,71.78701782226562
2019-09-26,72.39017486572266
2019-09-27,71.98808288574219
2019-09-30,72.1117935180664
2019-10-01,71.43126678466797
2019-10-02,71.12969207763672
2019-10-03,71.81793212890625
2019-10-04,72.25100708007812
2019-10-07,72.09632873535156
2019-10-08,71.71742248535156
2019-10-09,71.85660552978516
2019-10-10,71.97259521484375
2019-10-11,71.94166564941406
2019-10-14,71.97259521484375
2019-10-15,72.06541442871094
2019-10-16,72.0731201171875
2019-10-17,72.54485321044922
2019-10-18,73.10164642333984
2019-10-21,73.6584243774414
2019-10-22,73.44190216064453
2019-10-23,73.60430908203125
2019-10-24,73.41870880126953
2019-10-25,72.79230499267578
2019-10-28,72.35152435302734
2019-10-29,72.79230499267578
2019-10-30,73.05525207519531
2019-10-31,72.92376708984375
2019-11-01,72.9083023071289
2019-11-04,72.3979263305664
2019-11-05,71.16834259033203
2019-11-06,71.32300567626953
2019-11-07,70.61155700683594
2019-11-08,70.44143676757812
2019-11-11,70.5960922241211
2019-11-12,70.06250762939453
2019-11-13,70.70435333251953
2019-11-14,71.25341796875
2019-11-15,71.64005279541016
2019-11-18,71.98808288574219
2019-11-19,72.1117935180664
2019-11-20,72.0731201171875
2019-11-21,71.0600814819336
2019-11-22,70.79716491699219
2019-11-25,71.02143096923828
2019-11-26,71.9648666381836
2019-11-27,72.30511474609375
2019-11-29,71.97259521484375
2019-12-02,70.8822250366211
2019-12-03,71.33849334716797
2019-12-04,71.63232421875
2019-12-05,71.67102813720703
2019-12-06,71.81793212890625
2019-12-09,71.95711517333984
2019-12-10,71.53954315185547
2019-12-11,70.81261444091797
2019-12-12,69.85372161865234
2019-12-13,69.86918640136719
2019-12-16,70.37183380126953
2019-12-17,69.70677185058594
2019-12-18,70.55640411376953
2019-12-19,71.18169403076172
2019-12-20,71.57249450683594
2019-12-23,71.21295928955078
2019-12-24,71.40055847167969
2019-12-26,71.71320343017578
2019-12-27,71.93986511230469
2019-12-30,72.01019287109375
2019-12-31,72.52606964111328
2020-01-02,71.67408752441406
2020-01-03,72.11962890625
2020-01-06,72.20561218261719
2020-01-07,71.40055847167969
2020-01-08,71.61939239501953
2020-01-09,71.58030700683594
2020-01-10,72.12744140625
2020-01-13,72.99504089355469
2020-01-14,72.72147369384766
2020-01-15,73.37801361083984
2020-01-16,73.96424102783203
2020-01-17,74.0345687866211
2020-01-21,74.73804473876953
2020-01-22,74.23780059814453
2020-01-23,74.86309051513672
2020-01-24,74.60516357421875
2020-01-27,74.24562072753906
2020-01-28,74.54265594482422
2020-01-29,74.26904296875
2020-01-30,74.32376861572266
2020-01-31,73.41710662841797
2020-02-03,73.65940856933594
2020-02-04,74.41757202148438
2020-02-05,74.46446228027344
2020-02-06,74.714599609375
2020-02-07,74.698974609375
2020-02-10,75.53526306152344
2020-02-11,76.10588073730469
2020-02-12,76.5592269897461
2020-02-13,77.02033996582031
2020-02-14,77.81759643554688
2020-02-18,77.73161315917969
2020-02-19,76.68424987792969
2020-02-20,77.59874725341797
2020-02-21,77.8254165649414
2020-02-24,76.76242065429688
2020-02-25,74.68333435058594
2020-02-26,73.8782730102539
2020-02-27,69.94673156738281
2020-02-28,68.25846099853516
2020-03-02,71.17387390136719
2020-03-03,71.00972747802734
2020-03-04,73.690673828125
2020-03-05,72.11180114746094
2020-03-06,70.86903381347656
2020-03-09,65.40555572509766
2020-03-10,68.16886138916016
2020-03-11,64.07274627685547
2020-03-12,57.58197784423828
2020-03-13,62.60759353637695
2020-03-16,51.50869369506836
2020-03-17,54.48625183105469
2020-03-18,49.3030891418457
2020-03-19,49.47638702392578
2020-03-20,47.010841369628906
2020-03-23,44.828861236572266
2020-03-24,48.86195755004883
2020-03-25,51.49292755126953
2020-03-26,55.124305725097656
2020-03-27,55.1794319152832
2020-03-30,56.38463592529297
2020-03-31,55.021888732910156
2020-04-01,51.40628433227539
2020-04-02,51.57957458496094
2020-04-03,50.831241607666016
2020-04-06,54.596534729003906
2020-04-07,55.10066604614258
2020-04-08,58.85805892944336
2020-04-09,62.158592224121094
2020-04-13,59.54338073730469
2020-04-14,61.21333694458008
2020-04-15,58.787166595458984
2020-04-16,58.117610931396484
2020-04-17,59.952999114990234
2020-04-20,57.723758697509766
2020-04-21,56.67608642578125
2020-04-22,57.542598724365234
2020-04-23,57.06207275390625
2020-04-24,57.3062629699707
2020-04-27,59.26767349243164
2020-04-28,59.75606918334961
2020-04-29,60.65407180786133
2020-04-30,59.952999114990234
2020-05-01,57.92857360839844
2020-05-04,57.644981384277344
2020-05-05,57.92857360839844
2020-05-06,56.88877487182617
2020-05-07,57.700130462646484
2020-05-08,59.07074737548828
2020-05-11,58.21213912963867
2020-05-12,55.565425872802734
2020-05-13,54.21842956542969
2020-05-14,54.4074821472168
2020-05-15,54.194801330566406
2020-05-18,57.40080642700195
2020-05-19,56.62882614135742
2020-05-20,57.13296890258789
2020-05-21,57.180233001708984
2020-05-22,57.952205657958984
2020-05-26,60.118408203125
2020-05-27,61.315738677978516
2020-05-28,61.60718536376953
2020-05-29,60.99279022216797
2020-06-01,62.40277099609375
2020-06-02,62.906917572021484
2020-06-03,64.92346954345703
2020-06-04,64.27754974365234
2020-06-05,66.71160888671875
2020-06-08,68.36579132080078
2020-06-09,67.23145294189453
2020-06-10,65.52213287353516
2020-06-11,61.315738677978516
2020-06-12,63.513458251953125
2020-06-15,64.41144561767578
2020-06-16,65.6796875
2020-06-17,64.72654724121094
2020-06-18,64.01759338378906
2020-06-19,63.08810043334961
2020-06-22,63.02507781982422
2020-06-23,62.76513671875
2020-06-24,60.97702407836914
2020-06-25,61.75580978393555
2020-06-26,60.570526123046875
2020-06-29,61.739906311035156
2020-06-30,62.4717903137207
2020-07-01,63.91168212890625
2020-07-02,63.72869873046875
2020-07-06,63.696895599365234
2020-07-07,62.43201446533203
2020-07-08,62.34450149536133
2020-07-09,61.95471954345703
2020-07-10,62.14562225341797
2020-07-13,61.405818939208984
2020-07-14,61.92289352416992
2020-07-15,62.5274772644043
2020-07-16,61.77968978881836
2020-07-17,62.58318328857422
2020-07-20,61.83540344238281
2020-07-21,61.98652648925781
2020-07-22,62.933197021484375
2020-07-23,62.670658111572266
2020-07-24,62.20927429199219
2020-07-27,62.797950744628906
2020-07-28,64.04691314697266
2020-07-29,65.28790283203125
2020-07-30,64.86629486083984
2020-07-31,64.74695587158203
2020-08-03,63.88780212402344
2020-08-04,64.84243774414062
2020-08-05,64.51628112792969
2020-08-06,64.61970520019531
2020-08-07,65.54247283935547
2020-08-10,65.64588165283203
2020-08-11,64.69924926757812
2020-08-12,65.35154724121094
2020-08-13,64.54808807373047
2020-08-14,64.55604553222656
2020-08-17,65.08106231689453
2020-08-18,64.77082824707031
2020-08-19,63.63323211669922
2020-08-20,64.23783874511719
2020-08-21,64.34126281738281
2020-08-24,64.75492095947266
2020-08-25,64.92195892333984
2020-08-26,64.32534790039062
2020-08-27,65.27201843261719
2020-08-28,65.70157623291016
2020-08-31,65.03335571289062
2020-09-01,65.08106231689453
2020-09-02,66.290283203125
2020-09-03,65.49478149414062
2020-09-04,65.15267944335938
2020-09-08,64.35717010498047
2020-09-09,64.99357604980469
2020-09-10,64.19804382324219
2020-09-11,63.84007263183594
2020-09-14,65.39929962158203
2020-09-15,66.18685150146484
2020-09-16,66.53688049316406
2020-09-17,65.24017333984375
2020-09-18,63.768497467041016
2020-09-21,61.851287841796875
2020-09-22,62.59110641479492
2020-09-23,60.70576095581055
2020-09-24,61.031917572021484
2020-09-25,62.2905387878418
2020-09-28,63.565223693847656
2020-09-29,63.10826110839844
2020-09-30,63.30067443847656
2020-10-01,64.56732940673828
2020-10-02,65.6816635131836
2020-10-05,66.05844116210938
2020-10-06,65.62554168701172
2020-10-07,65.72174072265625
2020-10-08,66.8200454711914
2020-10-09,66.55549621582031
2020-10-12,66.8681411743164
2020-10-13,65.72174072265625
2020-10-14,64.9200668334961
2020-10-15,65.25677490234375
2020-10-16,64.79180145263672
2020-10-19,63.78168487548828
2020-10-20,64.2386245727539
2020-10-21,64.04621887207031
2020-10-22,64.0382080078125
2020-10-23,64.42301940917969
2020-10-26,63.50110626220703
2020-10-27,62.48295593261719
2020-10-28,60.991825103759766
2020-10-29,61.80953598022461
2020-10-30,61.400691986083984
2020-11-02,62.867759704589844
2020-11-03,64.07828521728516
2020-11-04,64.1905288696289
2020-11-05,64.49517059326172
2020-11-06,64.05425262451172
2020-11-09,66.32301330566406
2020-11-10,67.29304504394531
2020-11-11,67.5495834350586
2020-11-12,66.66773986816406
2020-11-13,68.44744110107422
2020-11-16,69.2170639038086
2020-11-17,69.28119659423828
2020-11-18,67.93437194824219
2020-11-19,68.19894409179688
2020-11-20,67.83016204833984
2020-11-23,67.95844268798828
2020-11-24,68.31918334960938
2020-11-25,68.35929107666016
2020-11-27,68.05462646484375
2020-11-30,67.34113311767578
2020-12-01,68.20694732666016
2020-12-02,67.6698226928711
2020-12-03,68.23902130126953
2020-12-04,69.28119659423828
2020-12-07,68.67994689941406
2020-12-08,68.439453125
2020-12-09,68.0145492553711
2020-12-10,67.7179183959961
2020-12-11,67.65379333496094
2020-12-14,67.35716247558594
2020-12-15,68.73604583740234
2020-12-16,68.81623077392578
2020-12-17,69.48162078857422
2020-12-18,68.0866928100586
2020-12-21,67.70186614990234
2020-12-22,68.17486572265625
2020-12-23,67.73395538330078
2020-12-24,68.32697296142578
2020-12-28,68.73424530029297
2020-12-29,68.14775848388672
2020-12-30,68.52247619628906
2020-12-31,69.1822738647461
2021-01-04,66.93404388427734
2021-01-05,67.03177642822266
2021-01-06,67.14584350585938
2021-01-07,67.0154800415039
2021-01-08,67.66718292236328
2021-01-11,66.7711181640625
2021-01-12,66.92589569091797
2021-01-13,67.74048614501953
2021-01-14,68.13961791992188
2021-01-15,68.92162322998047
2021-01-19,68.72611236572266
2021-01-20,70.03759002685547
2021-01-21,69.70360565185547
2021-01-22,69.86653900146484
2021-01-25,70.39598846435547
2021-01-26,70.89290618896484
2021-01-27,69.63844299316406
2021-01-28,70.01316833496094
2021-01-29,69.20671844482422
2021-02-01,70.78699493408203
2021-02-02,71.2105712890625
2021-02-03,71.0313720703125
2021-02-04,71.5201416015625
2021-02-05,71.77265930175781
2021-02-08,72.16363525390625
2021-02-09,72.41614532470703
2021-02-10,72.8071517944336
2021-02-11,72.96194458007812
2021-02-12,72.97821807861328
2021-02-16,72.41614532470703
2021-02-17,72.3265609741211
2021-02-18,72.01702117919922
2021-02-19,72.43244171142578
2021-02-22,73.0352554321289
2021-02-23,73.49141693115234
2021-02-24,74.05348205566406
2021-02-25,72.63610076904297
2021-02-26,71.57714080810547
2021-03-01,71.89482879638672
2021-03-02,71.20243072509766
2021-03-03,70.79515075683594
2021-03-04,69.98870849609375
2021-03-05,70.75442504882812
2021-03-08,71.3653564453125
2021-03-09,71.83782958984375
2021-03-10,72.55464935302734
2021-03-11,73.40180969238281
2021-03-12,74.63182067871094
2021-03-15,75.7396469116211
2021-03-16,75.43010711669922
2021-03-17,75.49527740478516
2021-03-18,74.72956085205078
2021-03-19,73.71134185791016
2021-03-22,74.23267364501953
2021-03-23,74.12677764892578
2021-03-24,73.71134185791016
2021-03-25,74.46185302734375
2021-03-26,76.0677719116211
2021-03-29,75.62532043457031
2021-03-30,75.7236328125
2021-03-31,75.26481628417969
2021-04-01,76.63311767578125
2021-04-05,76.92808532714844
2021-04-06,77.12472534179688
2021-04-07,77.18207550048828
2021-04-08,76.89532470703125
2021-04-09,76.80518341064453
2021-04-12,77.25582885742188
2021-04-13,77.64092254638672
2021-04-14,77.23123931884766
2021-04-15,78.58316040039062
2021-04-16,78.75523376464844
2021-04-19,78.910888671875
2021-04-20,79.55818939208984
2021-04-21,80.08255767822266
2021-04-22,79.6483154296875
2021-04-23,80.1153335571289
2021-04-26,80.35294342041016
2021-04-27,80.34474182128906
2021-04-28,80.17268371582031
2021-04-29,80.8609390258789
2021-04-30,81.18048095703125
2021-05-03,81.0248031616211
2021-05-04,80.50041961669922
2021-05-05,79.16490936279297
2021-05-06,79.60735321044922
2021-05-07,80.65609741210938
2021-05-10,80.63152313232422
2021-05-11,79.61553192138672
2021-05-12,77.59994506835938
2021-05-13,78.60774993896484
2021-05-14,79.54177856445312
2021-05-17,79.62372589111328
2021-05-18,79.64010620117188
2021-05-19,79.38611602783203
2021-05-20,80.2791976928711
2021-05-21,80.19725799560547
2021-05-24,81.19686889648438
2021-05-25,81.17230224609375
2021-05-26,81.5328140258789
2021-05-27,81.34434509277344
2021-05-28,81.83595275878906
2021-06-01,83.31078338623047
2021-06-02,84.2857894897461
2021-06-03,83.97442626953125
2021-06-04,84.01541137695312
2021-06-07,85.00682067871094
2021-06-08,85.7114486694336
2021-06-09,85.82615661621094
2021-06-10,86.44065856933594
2021-06-11,86.09652709960938
2021-06-14,86.43245697021484
2021-06-15,85.50662231445312
2021-06-16,84.94944763183594
2021-06-17,84.84294128417969
2021-06-18,83.4009017944336
2021-06-21,85.12151336669922
2021-06-22,84.67906188964844
2021-06-23,84.53157806396484
2021-06-24,84.34922790527344
2021-06-25,84.9186019897461
2021-06-28,84.67105865478516
2021-06-29,84.43999481201172
2021-06-30,83.9944076538086
2021-07-01,84.35749816894531
2021-07-02,84.61329650878906
2021-07-06,85.23216247558594
2021-07-07,85.52921295166016
2021-07-08,85.28992462158203
2021-07-09,86.69271850585938
2021-07-12,87.43536376953125
2021-07-13,86.21412658691406
2021-07-14,86.81649780273438
2021-07-15,86.956787109375
2021-07-16,86.8990249633789
2021-07-19,85.31468200683594
2021-07-20,87.3281021118164
2021-07-21,87.3198471069336
2021-07-22,86.62670135498047
2021-07-23,87.3446044921875
2021-07-26,87.3858642578125
2021-07-27,87.88097381591797
2021-07-28,87.57566833496094
2021-07-29,87.59215545654297
2021-07-30,87.70767974853516
2021-08-02,87.51789093017578
2021-08-03,87.62516021728516
2021-08-04,87.35285949707031
2021-08-05,88.37606048583984
2021-08-06,88.21929168701172
2021-08-09,87.74893188476562
2021-08-10,86.91551971435547
2021-08-11,87.42713165283203
2021-08-12,87.6169204711914
2021-08-13,88.09552001953125
2021-08-16,87.98825073242188
2021-08-17,87.89747619628906
2021-08-18,87.0970458984375
2021-08-19,87.51789093017578
2021-08-20,87.95523071289062
2021-08-23,87.79019927978516
2021-08-24,87.4023666381836
2021-08-25,87.3446044921875
2021-08-26,87.37762451171875
2021-08-27,88.2935562133789
2021-08-30,89.17649841308594
2021-08-31,89.59734344482422
2021-09-01,91.03311920166016
2021-09-02,91.51173400878906
2021-09-03,91.52822875976562
2021-09-07,90.49676513671875
2021-09-08,90.95060729980469
2021-09-09,89.10223388671875
2021-09-10,87.7984390258789
2021-09-13,88.3925552368164
2021-09-14,88.23578643798828
2021-09-15,88.516357421875
2021-09-16,88.59061431884766
2021-09-17,87.7984390258789
2021-09-20,87.26207733154297
2021-09-21,87.3033447265625
2021-09-22,88.15328216552734
2021-09-23,87.97998809814453
2021-09-24,87.03926086425781
2021-09-27,85.86857604980469
2021-09-28,85.28736114501953
2021-09-29,85.92668151855469
2021-09-30,84.50688934326172
2021-10-01,85.70249938964844
2021-10-04,85.71912384033203
2021-10-05,85.12960815429688
2021-10-06,85.94330596923828
2021-10-07,86.17577362060547
2021-10-08,85.36207580566406
2021-10-11,85.57795715332031
2021-10-12,86.6988525390625
2021-10-13,87.32987976074219
2021-10-14,88.39263916015625
2021-10-15,88.32622528076172
2021-10-18,88.5504150390625
2021-10-19,88.59191131591797
2021-10-20,89.98680114746094
2021-10-21,90.11134338378906
2021-10-22,90.53480529785156
2021-10-25,90.82538604736328
2021-10-26,91.07447052001953
2021-10-27,90.30228424072266
2021-10-28,91.56436157226562
2021-10-29,90.53480529785156
2021-11-01,90.98312377929688
2021-11-02,91.41487884521484
2021-11-03,91.72211456298828
2021-11-04,90.85030364990234
2021-11-05,91.31526947021484
2021-11-08,91.24054718017578
2021-11-09,91.3982925415039
2021-11-10,90.9748306274414
2021-11-11,91.12429809570312
2021-11-12,91.05787658691406
2021-11-15,91.69718933105469
2021-11-16,91.09107208251953
2021-11-17,91.37338256835938
2021-11-18,91.38998413085938
2021-11-19,90.85030364990234
2021-11-22,90.40194702148438
2021-11-23,91.1325912475586
2021-11-24,92.23688507080078
2021-11-26,89.67130279541016
2021-11-29,90.33552551269531
2021-11-30,88.6250991821289
2021-12-01,87.16381072998047
2021-12-02,89.77921295166016
2021-12-03,89.48031616210938
2021-12-06,91.04956817626953
2021-12-07,92.36141967773438
2021-12-08,93.02565002441406
2021-12-09,91.68058013916016
2021-12-10,91.96289825439453
2021-12-13,92.82640838623047
2021-12-14,91.63907623291016
2021-12-15,92.92604064941406
2021-12-16,92.89281463623047
2021-12-17,92.77655792236328
2021-12-20,92.05421447753906
2021-12-21,93.09207153320312
2021-12-22,94.04691314697266
2021-12-23,93.94727325439453
2021-12-27,95.54217529296875
2021-12-28,95.8941650390625
2021-12-29,96.53948974609375
2021-12-30,96.95854949951172
2021-12-31,97.22671508789062
2022-01-03,96.46407318115234
2022-01-04,96.34673309326172
2022-01-05,93.58943176269531
2022-01-06,93.67322540283203
2022-01-07,93.05303192138672
2022-01-10,92.51665496826172
2022-01-11,92.65914154052734
2022-01-12,92.7680892944336
2022-01-13,92.58370971679688
2022-01-14,91.74561309814453
2022-01-18,90.78181457519531
2022-01-19,89.55821228027344
2022-01-20,88.41004180908203
2022-01-21,88.19212341308594
2022-01-24,88.35974884033203
2022-01-25,88.00774383544922
2022-01-26,86.6332778930664
2022-01-27,85.20015716552734
2022-01-28,87.95747375488281
2022-01-31,89.0385971069336
2022-02-01,88.72013092041016
2022-02-02,89.8515396118164
2022-02-03,88.89612579345703
2022-02-04,88.01612854003906
2022-02-07,87.8904037475586
2022-02-08,87.479736328125
2022-02-09,89.45762634277344
2022-02-10,87.34564971923828
2022-02-11,86.54946899414062
2022-02-14,85.76166534423828
2022-02-15,86.53269958496094
2022-02-16,86.93498229980469
2022-02-17,86.01307678222656
2022-02-18,85.49346160888672
2022-02-22,85.18338012695312
2022-02-23,83.77539825439453
2022-02-24,85.18338012695312
2022-02-25,87.23670196533203
2022-02-28,85.93766784667969
2022-03-01,85.48509216308594
2022-03-02,87.08585357666016
2022-03-03,87.79823303222656
2022-03-04,88.20049285888672
2022-03-07,86.457275390625
2022-03-08,86.03823852539062
2022-03-09,87.36241912841797
2022-03-10,87.58032989501953
2022-03-11,86.88469696044922
2022-03-14,86.2058334350586
2022-03-15,86.78413391113281
2022-03-16,87.81497955322266
2022-03-17,89.17268371582031
2022-03-18,89.17268371582031
2022-03-21,88.62792205810547
2022-03-22,88.85420227050781
2022-03-23,87.85733032226562
2022-03-24,88.41348266601562
2022-03-25,89.51740264892578
2022-03-28,90.4696273803711
2022-03-29,93.1240463256836
2022-03-30,92.44989776611328
2022-03-31,91.32072448730469
2022-04-01,93.09879302978516
2022-04-04,92.64373016357422
2022-04-05,92.18869018554688
2022-04-06,93.28414154052734
2022-04-07,92.35721588134766
2022-04-08,92.5088882446289
2022-04-11,91.51453399658203
2022-04-12,91.37970733642578
2022-04-13,92.02855682373047
2022-04-14,91.63250732421875
2022-04-18,91.26172637939453
2022-04-19,93.2504653930664
2022-04-20,94.80096435546875
2022-04-21,94.14369201660156
2022-04-22,92.4920425415039
2022-04-25,92.25609588623047
2022-04-26,90.7392807006836
2022-04-27,90.1409912109375
2022-04-28,91.80104064941406
2022-04-29,87.58768463134766
2022-05-02,85.47254943847656
2022-05-03,86.53431701660156
2022-05-04,87.52869415283203
2022-05-05,85.1944808959961
2022-05-06,84.18325805664062
2022-05-09,80.47547912597656
2022-05-10,79.00923919677734
2022-05-11,78.84071350097656
2022-05-12,79.45584869384766
2022-05-13,81.55411529541016
2022-05-16,81.04008483886719
2022-05-17,82.14398956298828
2022-05-18,79.75922393798828
2022-05-19,79.40531158447266
2022-05-20,79.910888671875
2022-05-23,80.83785247802734
2022-05-24,81.5204086303711
2022-05-25,82.2114028930664
2022-05-26,82.31253814697266
2022-05-27,84.52033233642578
2022-05-31,83.48384857177734
2022-06-01,82.79286193847656
2022-06-02,83.93046569824219
2022-06-03,82.8097152709961
2022-06-06,82.5484848022461
2022-06-07,83.68607330322266
2022-06-08,81.7563705444336
2022-06-09,79.8182144165039
2022-06-10,78.04859161376953
2022-06-13,74.1469955444336
2022-06-14,73.5824203491211
2022-06-15,75.32673645019531
2022-06-16,73.34646606445312
2022-06-17,73.90262603759766
2022-06-21,74.9306869506836
2022-06-22,75.88292694091797
2022-06-23,77.32459259033203
2022-06-24,78.96980285644531
2022-06-27,78.85106658935547
2022-06-28,77.89276123046875
2022-06-29,77.40938568115234
2022-06-30,77.26522064208984
2022-07-01,78.65601348876953
2022-07-05,78.4355239868164
2022-07-06,78.29137420654297
2022-07-07,78.50336456298828
2022-07-08,78.08782958984375
2022-07-11,77.918212890625
2022-07-12,77.61293029785156
2022-07-13,77.23978424072266
2022-07-14,76.54437255859375
2022-07-15,77.84188842773438
2022-07-18,77.29066467285156
2022-07-19,79.29204559326172
2022-07-20,79.10548400878906
2022-07-21,79.7330322265625
2022-07-22,80.1485824584961
2022-07-25,80.28424835205078
2022-07-26,80.36905670166016
2022-07-27,80.85244750976562
2022-07-28,83.47290802001953
2022-07-29,83.92235565185547
2022-08-01,83.24393463134766
2022-08-02,82.1753921508789
2022-08-03,82.43828582763672
2022-08-04,82.31108093261719
2022-08-05,82.54006958007812
2022-08-08,83.2778549194336
2022-08-09,83.73577880859375
2022-08-10,85.00785064697266
2022-08-11,84.80432891845703
2022-08-12,86.26295471191406
2022-08-15,86.61066436767578
2022-08-16,86.38168334960938
2022-08-17,85.8643798828125
2022-08-18,85.29619598388672
2022-08-19,84.39726257324219
2022-08-22,82.55701446533203
2022-08-23,81.49695587158203
2022-08-24,81.96338653564453
2022-08-25,83.1845474243164
2022-08-26,81.08990478515625
2022-08-29,80.36058044433594
2022-08-30,79.24964141845703
2022-08-31,78.87650299072266
2022-09-01,79.02067565917969
2022-09-02,77.918212890625
2022-09-06,78.62210083007812
2022-09-07,80.15705871582031
2022-09-08,80.3775634765625
2022-09-09,81.25102996826172
2022-09-12,82.03971862792969
2022-09-13,78.90193939208984
2022-09-14,78.0030288696289
2022-09-15,76.56134796142578
2022-09-16,76.56983184814453
2022-09-19,76.45958709716797
2022-09-20,74.60238647460938
2022-09-21,73.423583984375
2022-09-22,72.49073028564453
2022-09-23,71.52721405029297
2022-09-26,69.52130889892578
2022-09-27,68.59548950195312
2022-09-28,70.01849365234375
2022-09-29,67.96114349365234
2022-09-30,68.72409057617188
2022-10-03,69.94991302490234
2022-10-04,71.36432647705078
2022-10-05,69.96704864501953
2022-10-06,68.02114868164062
2022-10-07,66.38383483886719
2022-10-10,65.75806427001953
2022-10-11,66.42669677734375
2022-10-12,65.73236083984375
2022-10-13,66.93246459960938
2022-10-14,65.26942443847656
2022-10-17,67.72969055175781
2022-10-18,68.46690368652344
2022-10-19,66.76101684570312
2022-10-20,66.46957397460938
2022-10-21,66.99246978759766
2022-10-24,66.9839096069336
2022-10-25,69.61559295654297
2022-10-26,69.57274627685547
2022-10-27,69.67559814453125
2022-10-28,71.21005249023438
2022-10-31,71.13289642333984
2022-11-01,71.10717010498047
2022-11-02,69.15270233154297
2022-11-03,69.05838775634766
2022-11-04,70.00133514404297
2022-11-07,70.00133514404297
2022-11-08,70.21566772460938
2022-11-09,69.4955825805664
2022-11-10,74.57894897460938
2022-11-11,74.57036590576172
2022-11-14,72.75305938720703
2022-11-15,73.54170989990234
2022-11-16,72.8730697631836
2022-11-17,72.3758773803711
2022-11-18,73.29310607910156
2022-11-21,73.67886352539062
2022-11-22,74.08174896240234
2022-11-23,74.14175415039062
2022-11-25,74.61324310302734
2022-11-28,72.61589050292969
2022-11-29,73.81600952148438
2022-11-30,75.5047607421875
2022-12-01,75.34188079833984
2022-12-02,75.11901092529297
2022-12-05,73.74744415283203
2022-12-06,73.05308532714844
2022-12-07,73.19880676269531
2022-12-08,73.71314239501953
2022-12-09,73.57600402832031
2022-12-12,74.14175415039062
2022-12-13,75.5133285522461
2022-12-14,74.99898529052734
2022-12-15,73.99603271484375
2022-12-16,72.08441925048828
2022-12-19,71.16718292236328
2022-12-20,70.9871597290039
2022-12-21,71.59578704833984
2022-12-22,71.29499816894531
2022-12-23,71.92961120605469
2022-12-27,71.90353393554688
2022-12-28,70.6777572631836
2022-12-29,72.22520446777344
2022-12-30,71.7035903930664
2023-01-03,71.77314758300781
2023-01-04,73.39881134033203
2023-01-05,71.42539978027344
2023-01-06,73.34664916992188
2023-01-09,73.37273406982422
2023-01-10,73.53790283203125
2023-01-11,76.17201232910156
2023-01-12,77.13700103759766
2023-01-13,76.65885925292969
2023-01-17,76.8761978149414
2023-01-18,75.75474548339844
2023-01-19,75.33745574951172
2023-01-20,76.23287963867188
2023-01-23,76.58062744140625
2023-01-24,76.7718734741211
2023-01-25,76.806640625
2023-01-26,77.66730499267578
2023-01-27,78.53665161132812
2023-01-30,77.53691101074219
2023-01-31,79.16258239746094
2023-02-01,79.64940643310547
2023-02-02,81.4576416015625
2023-02-03,79.92760467529297
2023-02-06,79.34513092041016
2023-02-07,79.1712646484375
2023-02-08,78.79744720458984
2023-02-09,77.9367904663086
2023-02-10,78.20630645751953
2023-02-13,78.90177154541016
2023-02-14,78.27581787109375
2023-02-15,78.58880615234375
2023-02-16,77.82378387451172
2023-02-17,77.51951599121094
2023-02-21,75.96337127685547
2023-02-22,75.276611328125
2023-02-23,75.8416748046875
2023-02-24,74.5115737915039
2023-02-27,74.62459564208984
2023-02-28,74.52027130126953
2023-03-01,73.58138275146484
2023-03-02,74.4420166015625
2023-03-03,75.57218170166016
2023-03-06,75.276611328125
2023-03-07,73.52052307128906
2023-03-08,74.36377716064453
2023-03-09,72.65987396240234
2023-03-10,70.25177764892578
2023-03-13,71.17328643798828
2023-03-14,71.86007690429688
2023-03-15,71.80789947509766
2023-03-16,71.65142822265625
2023-03-17,70.02576446533203
2023-03-20,70.8255615234375
2023-03-21,70.51258850097656
2023-03-22,67.87847137451172
2023-03-23,67.45249938964844
2023-03-24,69.18226623535156
2023-03-27,69.1032485961914
2023-03-28,68.93641662597656
2023-03-29,70.46424102783203
2023-03-30,71.3862075805664
2023-03-31,72.91401672363281
2023-04-03,72.33450317382812
2023-04-04,72.2379150390625
2023-04-05,71.85157775878906
2023-04-06,72.3432846069336
2023-04-10,72.67692565917969
2023-04-11,72.98426818847656
2023-04-12,72.63304901123047
2023-04-13,72.41351318359375
2023-04-14,71.28961181640625
2023-04-17,72.77352905273438
2023-04-18,72.60670471191406
2023-04-19,73.03695678710938
2023-04-20,72.31694793701172
2023-04-21,72.32571411132812
2023-04-24,72.05351257324219
2023-04-25,71.34229278564453
2023-04-26,70.65741729736328
2023-04-27,72.25545501708984
2023-04-28,73.1423110961914
2023-05-01,72.59793090820312
2023-05-02,71.3686294555664
2023-05-03,71.08766174316406
2023-05-04,71.67596435546875
2023-05-05,72.8701171875
2023-05-08,72.44866180419922
2023-05-09,72.14132690429688
2023-05-10,72.83499145507812
2023-05-11,72.03595733642578
2023-05-12,72.02716827392578
2023-05-15,71.90424346923828
2023-05-16,70.10424041748047
2023-05-17,71.05252075195312
2023-05-18,70.71009826660156
2023-05-19,70.59593963623047
2023-05-22,71.02618408203125
2023-05-23,70.35885620117188
2023-05-24,68.84860229492188
2023-05-25,68.83982849121094
2023-05-26,69.63008117675781
2023-05-30,69.89350128173828
2023-05-31,70.24472045898438
2023-06-01,70.25350952148438
2023-06-02,71.96571350097656
2023-06-05,71.46522521972656
2023-06-06,72.15010833740234
2023-06-07,73.47596740722656
2023-06-08,73.01939392089844
2023-06-09,72.59793090820312
2023-06-12,72.61546325683594
2023-06-13,73.08084869384766
2023-06-14,73.35304260253906
2023-06-15,73.73939514160156
2023-06-16,73.68670654296875
2023-06-20,72.81742858886719
2023-06-21,72.37841796875
2023-06-22,71.34229278564453
2023-06-23,70.35885620117188
2023-06-26,71.9832763671875
2023-06-27,72.8701171875
2023-06-28,72.9754867553711
2023-06-29,73.79064178466797
2023-06-30,74.19910430908203
2023-07-03,74.92723846435547
2023-07-05,75.09596252441406
2023-07-06,74.51879119873047
2023-07-07,74.35006713867188
2023-07-10,74.66973876953125
2023-07-11,75.73530578613281
2023-07-12,76.1437759399414
2023-07-13,76.63215637207031
2023-07-14,76.48119354248047
2023-07-17,75.98394012451172
2023-07-18,75.56658172607422
2023-07-19,76.41905212402344
2023-07-20,76.17041015625
2023-07-21,76.52560424804688
2023-07-24,77.15605926513672
2023-07-25,76.60552215576172
2023-07-26,76.95182800292969
2023-07-27,75.2824478149414
2023-07-28,75.22028350830078
2023-07-31,75.70866394042969
2023-08-01,75.5843505859375
2023-08-02,75.14924621582031
2023-08-03,74.3322982788086
2023-08-04,73.72847747802734
2023-08-07,74.65198516845703
2023-08-08,74.17247009277344
2023-08-09,74.16358947753906
2023-08-10,73.87943267822266
2023-08-11,73.9948959350586
2023-08-14,73.50647735595703
2023-08-15,72.68067169189453
2023-08-16,71.78380584716797
2023-08-17,71.20662689208984
2023-08-18,71.42864227294922
2023-08-21,70.77151489257812
2023-08-22,70.97577667236328
2023-08-23,72.09461212158203
2023-08-24,71.81932830810547
2023-08-25,71.87261962890625
2023-08-28,72.54747772216797
2023-08-29,73.42656707763672
2023-08-30,73.6929702758789
2023-08-31,73.15129852294922
2023-09-01,73.27561950683594
2023-09-05,72.42317199707031
2023-09-06,72.27220153808594
2023-09-07,72.7250747680664
2023-09-08,72.44091796875
2023-09-11,72.44979858398438
2023-09-12,72.4142837524414
2023-09-13,71.6240005493164
2023-09-14,72.9204330444336
2023-09-15,72.64515686035156
2023-09-18,71.99693298339844
2023-09-19,71.66838073730469
2023-09-20,71.73054504394531
2023-09-21,69.28861999511719
2023-09-22,68.76471710205078
2023-09-25,68.70255279541016
2023-09-26,67.45050811767578
2023-09-27,66.99763488769531
2023-09-28,67.64051818847656
2023-09-29,67.83778381347656
2023-10-02,66.59146118164062
2023-10-03,65.2913818359375
2023-10-04,66.08936309814453
2023-10-05,66.45697784423828
2023-10-06,66.63630676269531
2023-10-09,67.36255645751953
2023-10-10,67.68534088134766
2023-10-11,68.85991668701172
2023-10-12,67.8556900024414
2023-10-13,67.68534088134766
2023-10-16,68.49229431152344
2023-10-17,68.39366149902344
2023-10-18,66.941162109375
2023-10-19,65.35415649414062
2023-10-20,64.91481018066406
2023-10-23,64.27820587158203
2023-10-24,65.10309600830078
2023-10-25,63.704376220703125
2023-10-26,64.92378997802734
2023-10-27,63.883705139160156
2023-10-30,64.28717803955078
2023-10-31,65.38103485107422
2023-11-01,65.78453063964844
2023-11-02,67.94535827636719
2023-11-03,69.56822204589844
2023-11-06,68.56401824951172
2023-11-07,67.99916076660156
2023-11-08,68.22331237792969
2023-11-09,67.14737701416016
2023-11-10,67.77499389648438
2023-11-13,67.21013641357422
2023-11-14,70.94004821777344
2023-11-15,71.14627838134766
2023-11-16,70.99385070800781
2023-11-17,70.94004821777344
2023-11-20,71.46006774902344
2023-11-21,70.95797729492188
2023-11-22,71.30767059326172
2023-11-24,71.51388549804688
2023-11-27,71.77389526367188
2023-11-28,72.24910736083984
2023-11-29,72.75120544433594
2023-11-30,73.28021240234375
2023-12-01,75.0823974609375
2023-12-04,75.62933349609375
2023-12-05,75.1272201538086
2023-12-06,74.90306854248047
2023-12-07,75.1182632446289
2023-12-08,74.99274444580078
2023-12-11,75.19896697998047
2023-12-12,75.15412902832031
2023-12-13,78.03226470947266
2023-12-14,80.28275299072266
2023-12-15,79.15301513671875
2023-12-18,78.97370147705078
2023-12-19,79.5744400024414
2023-12-20,78.60608673095703
2023-12-21,79.30318450927734
2023-12-22,79.6117935180664
2023-12-26,80.20178985595703
2023-12-27,80.59208679199219
2023-12-28,81.16390991210938
2023-12-29,80.20178985595703
2024-01-02,80.89160919189453
2024-01-03,78.95826721191406
2024-01-04,78.81303405761719
2024-01-05,78.61334991455078
2024-01-08,79.7388687133789
2024-01-09,79.20333099365234
2024-01-10,79.29412078857422
2024-01-11,78.55889129638672
2024-01-12,79.0308837890625
2024-01-16,78.44998931884766
2024-01-17,77.0158462524414
2024-01-18,76.59832763671875
2024-01-19,77.51506805419922
2024-01-22,77.97798919677734
2024-01-23,77.44246673583984
2024-01-24,76.33509063720703
2024-01-25,77.31538391113281
2024-01-26,77.09754943847656
2024-01-29,77.60582733154297
2024-01-30,76.87969970703125
2024-01-31,76.14449310302734
2024-02-01,77.52415466308594
2024-02-02,76.56201934814453
2024-02-05,74.9554443359375
2024-02-06,75.96295928955078
2024-02-07,75.85404968261719
2024-02-08,76.47126007080078
2024-02-09,76.58924865722656
2024-02-12,76.60739135742188
2024-02-13,75.02806091308594
2024-02-14,75.6180419921875
2024-02-15,77.3789291381836
2024-02-16,76.58016204833984
2024-02-20,76.44402313232422
2024-02-21,76.87063598632812
2024-02-22,77.0158462524414
2024-02-23,76.97953796386719
2024-02-26,76.13540649414062
2024-02-27,76.22618103027344
2024-02-28,76.99769592285156
2024-02-29,77.65122985839844
2024-03-01,78.57704162597656
2024-03-04,79.312255859375
2024-03-05,78.35013580322266
2024-03-06,78.74043273925781
2024-03-07,78.72227478027344
2024-03-08,79.62995910644531
2024-03-11,79.24871826171875
2024-03-12,79.0762710571289
2024-03-13,78.67688751220703
2024-03-14,77.49691009521484
2024-03-15,77.324462890625
2024-03-18,77.36077117919922
2024-03-19,77.33354187011719
2024-03-20,77.84183502197266
2024-03-21,78.40457916259766
2024-03-22,77.41776275634766
2024-03-25,76.94173431396484
2024-03-26,76.6304931640625
2024-03-27,78.60781860351562
2024-03-28,79.1662368774414
2024-04-01,77.8388671875
2024-04-02,76.8593521118164
2024-04-03,76.94173431396484
2024-04-04,76.44740295410156
2024-04-05,76.84104919433594
2024-04-08,77.66492462158203
2024-04-09,78.6993637084961
2024-04-10,75.44043731689453
2024-04-11,75.69674682617188
2024-04-12,74.79963684082031
2024-04-15,73.52719116210938
2024-04-16,72.49275970458984
2024-04-17,71.96179962158203
2024-04-18,71.97095489501953
2024-04-19,72.31883239746094
2024-04-22,72.95960998535156
2024-04-23,73.62789154052734
2024-04-24,73.76519012451172
2024-04-25,73.34410095214844
2024-04-26,73.38072967529297
2024-04-29,74.13137817382812
2024-04-30,72.87723541259766
2024-05-01,72.90469360351562
2024-05-02,73.92997741699219
2024-05-03,74.42432403564453
2024-05-06,74.48838806152344
2024-05-07,75.19327545166016
2024-05-08,74.56161499023438
2024-05-09,76.09039306640625
2024-05-10,75.87984466552734
2024-05-13,76.12701416015625
2024-05-14,76.71288299560547
2024-05-15,77.77476501464844
2024-05-16,77.71984100341797
2024-05-17,77.71070098876953
2024-05-20,77.25298309326172
2024-05-21,77.22550964355469
2024-05-22,76.52978515625
2024-05-23,74.88203430175781
2024-05-24,74.93695068359375
2024-05-28,74.442626953125
2024-05-29,73.71942901611328
2024-05-30,74.79963684082031
2024-05-31,76.20023345947266
2024-06-03,76.02631378173828
2024-06-04,76.6121826171875
2024-06-05,76.52063751220703
2024-06-06,76.66710662841797
2024-06-07,75.94392395019531
2024-06-10,76.20023345947266
2024-06-11,75.92560577392578
2024-06-12,76.60302734375
2024-06-13,76.91426849365234
2024-06-14,76.89595794677734
2024-06-17,76.59386444091797
2024-06-18,76.89595794677734
2024-06-20,76.67627716064453
2024-06-21,76.8685073852539
2024-06-24,77.46353149414062
2024-06-25,76.51148223876953
2024-06-26,76.27348327636719
2024-06-27,77.01496887207031
2024-06-28,77.62944793701172
2024-07-01,76.89726257324219
2024-07-02,77.25871276855469
2024-07-03,77.18456268310547
2024-07-05,77.39774322509766
2024-07-08,77.6479721069336
2024-07-09,77.62944793701172
2024-07-10,78.20406341552734
2024-07-11,80.44694519042969
2024-07-12,81.05862426757812
2024-07-15,81.60545349121094
2024-07-16,82.60639953613281
2024-07-17,83.1717529296875
2024-07-18,82.4395751953125
2024-07-19,82.29129791259766
2024-07-22,83.1439437866211
2024-07-23,83.0790786743164
2024-07-24,81.85568237304688
2024-07-25,81.5869140625
2024-07-26,83.01419830322266
2024-07-29,83.4405288696289
2024-07-30,84.08930206298828
2024-07-31,83.79271697998047
2024-08-01,84.63611602783203
2024-08-02,84.58977508544922
2024-08-05,82.17082214355469
2024-08-06,83.79271697998047
2024-08-07,83.21808624267578
2024-08-08,84.03368377685547
2024-08-09,84.42294311523438
2024-08-12,83.8019790649414
2024-08-13,84.53416442871094
2024-08-14,84.75660705566406
2024-08-15,84.69172668457031
2024-08-16,84.6453857421875
2024-08-19,85.3497543334961
2024-08-20,85.24781799316406
2024-08-21,85.70193481445312
2024-08-22,85.95218658447266
2024-08-23,87.84286499023438
2024-08-26,87.80579376220703
2024-08-27,87.935546875
2024-08-28,87.59262084960938
2024-08-29,87.3238525390625
2024-08-30,88.16725158691406
2024-09-03,88.12091064453125
2024-09-04,88.37114715576172
2024-09-05,88.0838394165039
2024-09-06,88.00042724609375
2024-09-09,88.98284149169922
2024-09-10,90.27110290527344
2024-09-11,90.09501647949219
2024-09-12,90.47500610351562
2024-09-13,91.42034912109375
2024-09-16,91.72618865966797
2024-09-17,91.0866928100586
2024-09-18,90.97547912597656
2024-09-19,90.9940185546875
2024-09-20,90.632568359375
2024-09-23,91.53157043457031
2024-09-24,91.66131591796875
2024-09-25,91.04962158203125
2024-09-26,90.22476196289062
2024-09-27,90.3397216796875
2024-09-30,91.0500259399414
2024-10-01,90.46123504638672
2024-10-02,90.1434555053711
2024-10-03,89.32099914550781
2024-10-04,88.89107513427734
2024-10-07,88.10599517822266
2024-10-08,88.28358459472656
2024-10-09,88.37702941894531
2024-10-10,87.59195709228516
2024-10-11,88.58265686035156
2024-10-14,89.11537170410156
2024-10-15,90.190185546875
2024-10-16,91.18087768554688
2024-10-17,90.46123504638672
2024-10-18,91.13414764404297
2024-10-21,89.34902954101562
2024-10-22,89.4798812866211
2024-10-23,90.13410949707031
2024-10-24,90.33037567138672
2024-10-25,89.4798812866211
2024-10-28,89.7602767944336
2024-10-29,89.11537170410156
2024-10-30,89.50791931152344
2024-10-31,87.99384307861328
2024-11-01,87.0218505859375
2024-11-04,87.97515106201172
2024-11-05,89.1434097290039
2024-11-06,87.24615478515625
2024-11-07,88.29291534423828
2024-11-08,89.6107177734375
2024-11-11,89.162109375
2024-11-12,87.92842102050781
2024-11-13,88.4144287109375
2024-11-14,87.62000274658203
2024-11-15,87.66673278808594
2024-11-18,88.3022689819336
2024-11-19,88.73218536376953
2024-11-20,88.62004089355469
2024-11-21,89.2742691040039
2024-11-22,89.94718933105469
2024-11-25,91.19956970214844
2024-11-26,91.5640640258789
2024-11-27,92.15287017822266
2024-11-29,91.74165344238281
2024-12-02,90.4051513671875
2024-12-03,89.94718933105469
2024-12-04,89.70419311523438
2024-12-05,89.4892349243164
2024-12-06,89.35838317871094
2024-12-09,89.6107177734375
2024-12-10,88.31161499023438
2024-12-11,88.10599517822266
2024-12-12,87.96580505371094
2024-12-13,87.71345520019531
2024-12-16,87.40503692626953
2024-12-17,86.98446655273438
2024-12-18,83.39554595947266
2024-12-19,82.10578155517578
2024-12-20,83.48900604248047
2024-12-23,83.81551361083984
2024-12-24,84.37228393554688
2024-12-26,84.5987548828125
2024-12-27,83.74945831298828
2024-12-30,83.3342514038086
2024-12-31,84.06087493896484
2025-01-02,83.31537628173828
2025-01-03,84.4100112915039
2025-01-06,83.32481384277344
2025-01-07,82.53214263916016
2025-01-08,82.74918365478516
2025-01-10,80.7297592163086
2025-01-13,81.7206039428711
2025-01-14,82.46607971191406
2025-01-15,82.93791198730469
2025-01-16,84.6553726196289
2025-01-17,84.5987548828125
2025-01-21,86.18409729003906
2025-01-22,84.68367767333984
2025-01-23,85.30648803710938
2025-01-24,85.59901428222656
2025-01-27,86.74085998535156
2025-01-28,85.6933822631836
2025-01-29,84.56100463867188
2025-01-30,85.63677215576172
2025-01-31,85.44805145263672
2025-02-03,85.26874542236328
2025-02-04,85.33480072021484
2025-02-05,86.53323364257812
2025-02-06,86.7502670288086
2025-02-07,86.4671859741211
2025-02-10,86.429443359375
2025-02-11,86.80690002441406
2025-02-12,86.00479125976562
2025-02-13,86.863525390625
2025-02-14,86.4671859741211
2025-02-18,86.85408782958984
2025-02-19,86.92013549804688
2025-02-20,87.3353500366211
2025-02-21,86.47662353515625
2025-02-24,86.81633758544922
2025-02-25,87.8826675415039
2025-02-26,87.51464080810547
2025-02-27,87.86380004882812
2025-02-28,88.60929107666016
2025-03-03,89.02449035644531
2025-03-04,87.99591064453125
2025-03-05,88.9773178100586
2025-03-06,86.69367218017578
2025-03-07,87.21266174316406
2025-03-10,86.37281799316406
2025-03-11,85.36310577392578
2025-03-12,85.098876953125
2025-03-13,83.41918182373047
2025-03-14,85.0894546508789
2025-03-17,86.54267120361328
2025-03-18,86.08972930908203
2025-03-19,86.19351959228516
2025-03-20,86.13690948486328
2025-03-21,85.18380737304688
2025-03-24,86.49549865722656
2025-03-25,85.52498626708984
2025-03-26,85.85865783691406
2025-03-27,85.63938903808594
2025-03-28,85.52498626708984
2025-03-31,86.3162612915039
2025-04-01,86.35440063476562
2025-04-02,86.87873840332031
2025-04-03,83.91383361816406
2025-04-04,80.27203369140625
2025-04-07,78.16512298583984
2025-04-08,76.06775665283203
2025-04-09,80.60570526123047
2025-04-10,78.76573944091797
2025-04-11,79.7286148071289
2025-04-14,81.37791442871094
2025-04-15,81.62579345703125
2025-04-16,81.56858825683594
2025-04-17,82.78887176513672
2025-04-21,81.06330871582031
2025-04-22,82.63634490966797
2025-04-23,82.78887176513672
2025-04-24,83.09394836425781
2025-04-25,82.9509506225586
2025-04-28,83.46574401855469
2025-04-29,83.91383361816406
2025-04-30,84.2093734741211
2025-05-01,84.48583221435547
2025-05-02,85.52498626708984
2025-05-05,85.33432006835938
2025-05-06,84.67650604248047
2025-05-07,84.77183532714844
2025-05-08,84.43817138671875
2025-05-09,85.00064086914062
2025-05-12,85.42012023925781
2025-05-13,84.33330535888672
2025-05-14,83.50387573242188
2025-05-15,85.02925872802734
2025-05-16,86.08746337890625
2025-05-19,86.10652923583984
2025-05-20,85.60124969482422
2025-05-21,83.32275390625
2025-05-22,82.94141387939453
2025-05-23,83.02720642089844
2025-05-27,84.47630310058594
2025-05-28,84.3905029296875
2025-05-29,85.15318298339844
2025-05-30,85.15318298339844
2025-06-02,85.26758575439453
2025-06-03,85.09597778320312
2025-06-04,85.33432006835938
2025-06-05,85.26758575439453
2025-06-06,85.67752075195312
2025-06-09,85.79192352294922
2025-06-10,86.52600860595703
2025-06-11,86.05885314941406
2025-06-12,86.47833251953125
2025-06-13,85.63938903808594
2025-06-16,85.70612335205078
2025-06-17,85.40105438232422
2025-06-18,85.69659423828125
2025-06-20,85.63938903808594
2025-06-23,86.92640686035156
2025-06-24,87.15521240234375
2025-06-25,85.05785369873047
2025-06-26,84.97889709472656
2025-06-27,85.19070434570312
2025-06-30,85.73944854736328
2025-07-01,86.36521911621094
2025-07-02,86.5673828125
2025-07-03,86.66365814208984
2025-07-07,85.92236328125
2025-07-08,85.7972183227539
2025-07-09,85.86460876464844
2025-07-10,86.40372467041016
2025-07-11,86.4133529663086
2025-07-14,86.97172546386719
2025-07-15,85.69131469726562
2025-07-16,86.49999237060547
2025-07-17,86.40372467041016
2025-07-18,86.5866470336914
2025-07-21,86.94285583496094
2025-07-22,88.43506622314453
2025-07-23,88.60833740234375
2025-07-24,88.30028533935547
2025-07-25,88.30989837646484
2025-07-28,86.89471435546875
2025-07-29,88.29064178466797
2025-07-30,87.03912353515625
2025-07-31,85.81646728515625
2025-08-01,85.60466766357422
2025-08-04,86.48074340820312
2025-08-05,86.87545776367188
2025-08-06,86.20155334472656
2025-08-07,86.45186614990234
2025-08-08,85.73944854736328
2025-08-11,85.17146301269531
2025-08-12,85.6528091430664
2025-08-13,86.45186614990234
2025-08-14,85.83572387695312
2025-08-15,86.32670593261719
2025-08-18,85.59505462646484
2025-08-19,87.06800079345703
2025-08-20,87.31829833984375
2025-08-21,87.0583724975586
2025-08-22,88.74312591552734
2025-08-25,88.2328872680664
2025-08-26,88.00184631347656
2025-08-27,88.55058288574219
2025-08-28,88.31953430175781
2025-08-29,88.8008804321289
2025-09-02,87.32792663574219
2025-09-03,87.3760757446289
2025-09-04,88.03071594238281
2025-09-05,89.0223159790039
2025-09-08,88.50243377685547
2025-09-09,88.30028533935547
2025-09-10,88.15586853027344
2025-09-11,89.76359558105469
2025-09-12,89.3496322631836
2025-09-15,89.20523071289062
2025-09-16,88.7334976196289
2025-09-17,88.61797332763672
2025-09-18,88.81051635742188
2025-09-19,88.2328872680664
2025-09-22,88.25213623046875
2025-09-23,88.7334976196289
2025-09-24,87.8607177734375
2025-09-25,87.59830474853516
2025-09-26,88.46330261230469
2025-09-29,88.49246978759766
2025-09-30,88.85206604003906
2025-10-01,88.9881362915039
2025-10-02,88.52162170410156
2025-10-03,88.85206604003906
2025-10-06,88.01622772216797
2025-10-07,87.69550323486328
2025-10-08,87.23870086669922
2025-10-09,86.76246643066406
2025-10-10,85.65448760986328
2025-10-13,86.19876098632812
2025-10-14,87.08319854736328
2025-10-15,88.34668731689453
2025-10-16,88.0356674194336
2025-10-17,88.60910034179688
2025-10-20,89.50325012207031
2025-10-21,89.25055694580078
2025-10-22,89.62960052490234
2025-10-23,89.57129669189453
2025-10-24,89.83370208740234
2025-10-27,90.0864028930664
2025-10-28,88.31752014160156
2025-10-29,86.04325103759766
2025-10-30,86.45145416259766
2025-10-31,86.67499542236328
2025-11-03,86.54864501953125
2025-11-04,86.6944351196289
2025-11-05,86.77218627929688
2025-11-06,86.35425567626953
2025-11-07,87.69550323486328
2025-11-10,87.64690399169922
2025-11-11,88.6285400390625
2025-11-12,87.96763610839844
2025-11-13,86.8888168334961
2025-11-14,87.07347106933594
2025-11-17,86.35425567626953
2025-11-18,86.70414733886719
2025-11-19,86.02381134033203
2025-11-20,85.6642074584961
2025-11-21,87.05403900146484
2025-11-24,87.28729248046875
2025-11-25,88.09398651123047
2025-11-26,88.48274993896484
2025-11-28,88.7743148803711
2025-12-01,87.7538070678711
2025-12-02,87.44280242919922
2025-12-03,87.66634368896484
2025-12-04,87.45252227783203
2025-12-05,87.35533142089844
2025-12-08,86.6847152709961
2025-12-09,86.35425567626953
2025-12-10,86.66526794433594
2025-12-11,87.0443115234375
2025-12-12,86.9374008178711
2025-12-15,87.20954895019531
2025-12-16,86.5680923461914
2025-12-17,86.8888168334961
2025-12-18,86.43201446533203
2025-12-19,86.10155487060547
2025-12-22,86.54389953613281
2025-12-23,86.48505401611328
2025-12-24,87.05390930175781
2025-12-26,87.1519775390625
2025-12-29,87.32852172851562
2025-12-30,87.50506591796875
2025-12-31,86.78909301757812
2026-01-02,86.81851196289062
2026-01-05,87.0146713256836
2026-01-06,87.65218353271484
2026-01-07,86.79889678955078
2026-01-08,87.57372283935547
2026-01-09,87.75025177001953
2026-01-12,87.8679428100586
2026-01-13,88.35832977294922
2026-01-14,89.12334442138672
2026-01-15,89.74124145507812
2026-01-16,90.83970642089844
2026-01-20,89.15277099609375
2026-01-21,89.50585174560547
2026-01-22,88.6231460571289
2026-01-23,88.79969024658203
2026-01-26,88.68199920654297
2026-01-27,88.65257263183594
2026-01-28,87.74044799804688
2026-01-29,88.96641540527344
2026-01-30,89.05469512939453
2026-02-02,88.13275909423828
2026-02-03,87.93660736083984
2026-02-04,89.2018051147461
2026-02-05,89.07430267333984
2026-02-06,90.47682189941406
2026-02-09,90.85932159423828
2026-02-10,92.07548522949219
2026-02-11,91.56548309326172
2026-02-12,91.45760345458984
2026-02-13,92.77183532714844
2026-02-17,93.654541015625
2026-02-18,92.55607604980469
2026-02-19,92.35990905761719
2026-02-20,93.05626678466797
2026-02-23,93.06607818603516
2026-02-24,93.30146026611328
2026-02-25,93.04646301269531
2026-02-26,93.6839599609375
2026-02-27,93.8507080078125
2026-03-02,94.08609008789062
2026-03-03,93.58589172363281
2026-03-04,93.70358276367188
2026-03-05,92.76203918457031
2026-03-06,91.7518310546875
2026-03-09,91.95780181884766
2026-03-10,91.82048797607422
2026-03-11,90.86913299560547
2026-03-12,90.24143981933594
2026-03-13,90.38855743408203
2026-03-16,91.14374542236328
2026-03-17,91.54586791992188
2026-03-18,90.19239044189453
2026-03-19,89.82950592041016
2026-03-20,87.04409790039062
2026-03-23,87.72083282470703
2026-03-24,87.14193725585938
2026-03-25,87.07254028320312
2026-03-26,86.95359802246094
2026-03-27,86.23988342285156
2026-03-30,86.56700134277344
2026-03-31,87.9250259399414
2026-04-01,88.24223327636719
2026-04-02,89.44166564941406
2026-04-06,89.57052612304688
2026-04-07,89.69938659667969
2026-04-08,91.31515502929688
2026-04-09,91.9693832397461
2026-04-10,92.16764068603516
2026-04-13,92.51457977294922
2026-04-14,93.39680480957031
2026-04-15,93.46619415283203
2026-04-16,94.3285903930664
2026-04-17,95.83531188964844
2026-04-20,96.1822509765625
2026-04-21,94.47727966308594
2026-04-22,93.69417572021484
2026-04-23,94.65570831298828
2026-04-24,94.46736907958984
2026-04-27,93.95191192626953
2026-04-28,94.8143081665039
2026-04-29,94.07086181640625
2026-04-30,95.48837280273438
2026-05-01,95.2207260131836
2026-05-04,94.62596893310547
2026-05-05,94.92334747314453
2026-05-06,96.2417221069336
2026-05-07,95.54784393310547
2026-05-08,95.77583312988281
2026-05-11,95.84522247314453
2026-05-12,95.84522247314453
2026-05-13,95.05220794677734
2026-05-14,94.48719024658203
2026-05-15,93.08951568603516
2026-05-18,94.17990112304688
2026-05-19,94.44754028320312
2026-05-20,95.64696502685547
2026-05-21,95.82539367675781
2026-05-22,95.92452239990234
2026-05-26,96.37059020996094
2026-05-27,96.07321166992188
2026-05-28,95.70645141601562
2026-05-29,94.8638687133789
2026-06-01,93.26793670654297
2026-06-02,93.69417572021484
2026-06-03,93.58514404296875
2026-06-04,95.2603759765625
2026-06-05,95.94435119628906
2026-06-08,94.63587951660156
2026-06-09,96.81665802001953
2026-06-10,96.82657623291016
2026-06-11,96.75718688964844
2026-06-12,97.64932250976562
2026-06-15,96.96534729003906
2026-06-16,97.2032470703125
2026-06-17,94.774658203125
2026-06-18,94.72509002685547
2026-06-22,95.74609375
2026-06-23,97.00499725341797
2026-06-24,97.01000213623047
2026-06-25,97.19000244140625
2026-06-26,98.66999816894531
2026-06-29,98.1500015258789
2026-06-30,96.43000030517578
2026-07-01,96.81999969482422
2026-07-02,98.0199966430664
2026-07-06,97.23999786376953
2026-07-07,98.4000015258789
2026-07-08,96.80000305175781
2026-07-09,97.08999633789062
2026-07-10,97.31999969482422
